Booking_ID,no_of_adults,no_of_children,no_of_weekend_nights,no_of_week_nights,type_of_meal_plan,required_car_parking_space,room_type_reserved,lead_time,arrival_year,arrival_month,arrival_date,market_segment_type,repeated_guest,no_of_previous_cancellations,no_of_previous_bookings_not_canceled,avg_price_per_room,no_of_special_requests,booking_status
INN00001,2,0,1,2,Meal Plan 1,0,Room_Type 1,224,2017,10,2,Offline,0,0,0,65,0,Not_Canceled
INN00002,2,0,2,3,Not Selected,0,Room_Type 1,5,2018,11,6,Online,0,0,0,106.68,1,Not_Canceled
INN00003,1,0,2,1,Meal Plan 1,0,Room_Type 1,1,2018,2,28,Online,0,0,0,60,0,Canceled
INN00004,2,0,0,2,Meal Plan 1,0,Room_Type 1,211,2018,5,20,Online,0,0,0,100,0,Canceled
INN00005,2,0,1,1,Not Selected,0,Room_Type 1,48,2018,4,11,Online,0,0,0,94.5,0,Canceled
INN00006,2,0,0,2,Meal Plan 2,0,Room_Type 1,346,2018,9,13,Online,0,0,0,115,1,Canceled
INN00007,2,0,1,3,Meal Plan 1,0,Room_Type 1,34,2017,10,15,Online,0,0,0,107.55,1,Not_Canceled
INN00008,2,0,1,3,Meal Plan 1,0,Room_Type 4,83,2018,12,26,Online,0,0,0,105.61,1,Not_Canceled
INN00009,3,0,0,4,Meal Plan 1,0,Room_Type 1,121,2018,7,6,Offline,0,0,0,96.9,1,Not_Canceled
INN00010,2,0,0,5,Meal Plan 1,0,Room_Type 4,44,2018,10,18,Online,0,0,0,133.44,3,Not_Canceled
INN00011,1,0,1,0,Not Selected,0,Room_Type 1,0,2018,9,11,Online,0,0,0,85.03,0,Not_Canceled
INN00012,1,0,2,1,Meal Plan 1,0,Room_Type 4,35,2018,4,30,Online,0,0,0,140.4,1,Not_Canceled
INN00013,2,0,2,1,Not Selected,0,Room_Type 1,30,2018,11,26,Online,0,0,0,88,0,Canceled
INN00014,1,0,2,0,Meal Plan 1,0,Room_Type 1,95,2018,11,20,Online,0,0,0,90,2,Canceled
INN00015,2,0,0,2,Meal Plan 1,0,Room_Type 1,47,2017,10,20,Online,0,0,0,94.5,2,Not_Canceled
INN00016,2,0,0,2,Meal Plan 2,0,Room_Type 1,256,2018,6,15,Online,0,0,0,115,1,Canceled
INN00017,1,0,1,0,Meal Plan 1,0,Room_Type 1,0,2017,10,5,Offline,0,0,0,96,0,Not_Canceled
INN00018,2,0,1,3,Not Selected,0,Room_Type 1,1,2017,8,10,Online,0,0,0,96,1,Not_Canceled
INN00019,2,0,2,2,Meal Plan 1,0,Room_Type 1,99,2017,10,30,Online,0,0,0,65,0,Canceled
INN00020,2,0,1,0,Meal Plan 1,0,Room_Type 1,12,2017,10,4,Offline,0,0,0,72,0,Not_Canceled
INN00021,2,0,2,2,Meal Plan 1,0,Room_Type 1,99,2017,10,30,Online,0,0,0,65,0,Canceled
INN00022,1,0,0,1,Meal Plan 1,0,Room_Type 1,122,2018,11,25,Corporate,0,0,0,67,0,Not_Canceled
INN00023,2,0,2,4,Meal Plan 1,0,Room_Type 1,2,2018,3,20,Offline,0,0,0,85,0,Not_Canceled
INN00024,2,0,0,3,Meal Plan 1,0,Room_Type 1,37,2018,10,13,Offline,0,0,0,105,0,Not_Canceled
INN00025,2,0,2,1,Not Selected,0,Room_Type 1,130,2018,5,22,Online,0,0,0,94.5,1,Not_Canceled
INN00026,2,0,0,2,Meal Plan 1,0,Room_Type 1,99,2018,4,28,Online,0,0,0,114.3,1,Not_Canceled
INN00027,2,0,1,1,Meal Plan 1,0,Room_Type 1,60,2017,9,21,Offline,0,0,0,65,0,Not_Canceled
INN00028,1,0,0,2,Meal Plan 1,0,Room_Type 4,2,2018,5,19,Aviation,0,0,0,110,0,Canceled
INN00029,1,0,1,2,Meal Plan 1,0,Room_Type 1,37,2017,11,6,Online,0,0,0,37.33,0,Canceled
INN00030,2,0,0,2,Meal Plan 2,0,Room_Type 1,56,2017,9,17,Offline,0,0,0,82,0,Not_Canceled
INN00031,2,0,1,1,Meal Plan 1,0,Room_Type 4,3,2017,9,19,Online,0,0,0,177.5,1,Not_Canceled
INN00032,2,0,2,2,Meal Plan 1,0,Room_Type 1,107,2018,11,13,Online,0,0,0,87.5,1,Not_Canceled
INN00033,0,2,0,3,Meal Plan 1,0,Room_Type 2,56,2018,12,7,Online,0,0,0,82.44,1,Not_Canceled
INN00034,2,0,0,1,Not Selected,0,Room_Type 1,2,2018,1,9,Online,0,0,0,69.5,1,Not_Canceled
INN00035,2,0,0,2,Meal Plan 1,0,Room_Type 1,72,2018,10,7,Offline,0,0,0,85.5,0,Not_Canceled
INN00036,2,0,0,1,Not Selected,1,Room_Type 1,23,2018,4,27,Online,0,0,0,115,1,Not_Canceled
INN00037,1,0,2,1,Meal Plan 1,0,Room_Type 1,34,2018,6,19,Online,0,0,0,81,0,Canceled
INN00038,2,0,0,1,Meal Plan 1,0,Room_Type 1,289,2017,10,17,Offline,0,0,0,67,0,Not_Canceled
INN00039,2,0,2,3,Not Selected,0,Room_Type 1,247,2018,11,19,Online,0,0,0,63.75,0,Canceled
INN00040,2,0,2,1,Meal Plan 1,0,Room_Type 4,186,2018,7,30,Online,0,0,0,121.8,1,Canceled
INN00041,2,0,0,4,Meal Plan 1,0,Room_Type 1,64,2018,11,1,Online,0,0,0,93.6,2,Not_Canceled
INN00042,2,0,0,2,Meal Plan 1,0,Room_Type 1,35,2018,6,21,Online,0,0,0,102,1,Not_Canceled
INN00043,3,0,2,1,Meal Plan 1,0,Room_Type 1,96,2018,4,10,Online,0,0,0,121.8,1,Not_Canceled
INN00044,2,0,1,1,Not Selected,0,Room_Type 1,41,2018,6,27,Online,0,0,0,98.1,1,Canceled
INN00045,2,0,0,4,Meal Plan 1,0,Room_Type 4,55,2017,11,18,Offline,0,0,0,60,1,Not_Canceled
INN00046,2,0,0,3,Meal Plan 1,0,Room_Type 1,146,2017,12,29,Offline,0,0,0,75,0,Not_Canceled
INN00047,1,0,0,2,Meal Plan 1,0,Room_Type 1,32,2017,11,20,Offline,0,0,0,73,0,Not_Canceled
INN00048,2,0,0,1,Meal Plan 2,0,Room_Type 1,55,2018,4,6,Offline,0,0,0,104,0,Not_Canceled
INN00049,2,0,0,4,Not Selected,0,Room_Type 1,57,2018,11,1,Online,0,0,0,79.2,1,Not_Canceled
INN00050,1,0,1,3,Meal Plan 1,0,Room_Type 4,7,2018,12,29,Online,0,0,0,125.8,2,Not_Canceled
INN00051,1,0,2,5,Not Selected,0,Room_Type 1,124,2018,5,30,Online,0,0,0,87.95,0,Not_Canceled
INN00052,2,0,2,2,Meal Plan 2,0,Room_Type 1,169,2018,4,22,Online,0,0,0,106,0,Canceled
INN00053,1,0,1,2,Meal Plan 1,0,Room_Type 1,6,2018,5,16,Online,0,0,0,136.67,1,Not_Canceled
INN00054,2,0,0,4,Meal Plan 1,0,Room_Type 4,51,2017,11,11,Offline,0,0,0,60,1,Not_Canceled
INN00055,2,0,1,0,Not Selected,0,Room_Type 1,13,2018,6,13,Online,0,0,0,89,2,Not_Canceled
INN00056,2,0,1,3,Meal Plan 1,0,Room_Type 1,100,2018,5,19,Online,0,0,0,136,1,Not_Canceled
INN00057,2,0,0,1,Not Selected,0,Room_Type 1,139,2018,7,28,Online,0,0,0,94.5,1,Not_Canceled
INN00058,2,0,1,2,Meal Plan 1,0,Room_Type 1,117,2018,12,26,Online,0,0,0,93.6,2,Not_Canceled
INN00059,2,0,1,4,Meal Plan 1,0,Room_Type 4,39,2018,4,20,Online,0,0,0,120.6,0,Canceled
INN00060,2,0,0,3,Meal Plan 1,0,Room_Type 4,86,2018,4,6,Online,0,0,0,99.3,1,Not_Canceled
INN00061,2,2,0,1,Meal Plan 1,1,Room_Type 6,2,2018,9,2,Online,0,0,0,258,1,Not_Canceled
INN00062,1,0,0,3,Meal Plan 1,0,Room_Type 4,19,2018,5,3,Online,0,0,0,120.12,2,Not_Canceled
INN00063,1,0,0,2,Meal Plan 1,0,Room_Type 1,192,2018,6,24,Offline,0,0,0,95,0,Not_Canceled
INN00064,1,0,0,1,Meal Plan 1,0,Room_Type 1,2,2017,9,10,Complementary,0,0,0,0,1,Not_Canceled
INN00065,2,0,2,1,Meal Plan 1,0,Room_Type 1,86,2018,12,18,Offline,0,0,0,75,0,Not_Canceled
INN00066,2,0,0,3,Meal Plan 1,0,Room_Type 4,30,2018,10,5,Online,0,0,0,157.5,2,Not_Canceled
INN00067,2,0,0,2,Meal Plan 1,0,Room_Type 4,179,2018,6,3,Online,0,0,0,97.7,1,Not_Canceled
INN00068,2,0,0,2,Meal Plan 1,0,Room_Type 4,26,2018,4,15,Online,0,0,0,142,0,Canceled
INN00069,2,0,0,1,Meal Plan 1,0,Room_Type 1,55,2018,4,6,Offline,0,0,0,80,0,Not_Canceled
INN00070,2,0,1,2,Meal Plan 1,0,Room_Type 1,74,2018,4,25,Online,0,0,0,85.5,1,Not_Canceled
INN00071,2,0,0,3,Meal Plan 1,0,Room_Type 1,143,2018,8,25,Offline,0,0,0,100,0,Not_Canceled
INN00072,2,0,1,0,Not Selected,0,Room_Type 1,34,2018,11,14,Online,0,0,0,88,2,Not_Canceled
INN00073,2,0,1,1,Meal Plan 1,1,Room_Type 1,30,2018,8,29,Online,0,0,0,122.85,1,Not_Canceled
INN00074,2,0,0,2,Meal Plan 1,0,Room_Type 1,177,2018,6,3,Online,0,0,0,100,0,Canceled
INN00075,2,0,2,3,Meal Plan 1,0,Room_Type 4,34,2017,10,25,Offline,0,0,0,75,0,Not_Canceled
INN00076,2,0,1,4,Meal Plan 1,0,Room_Type 4,18,2018,3,9,Online,0,0,0,116.8,1,Not_Canceled
INN00077,3,0,1,1,Meal Plan 1,0,Room_Type 4,267,2018,12,31,Online,0,0,0,121.5,0,Not_Canceled
INN00078,2,0,1,2,Meal Plan 1,0,Room_Type 1,64,2018,6,27,Online,0,0,0,111.9,1,Not_Canceled
INN00079,3,0,2,5,Meal Plan 1,0,Room_Type 4,155,2018,6,28,Online,0,0,0,121.55,2,Canceled
INN00080,2,0,0,5,Meal Plan 1,0,Room_Type 1,46,2018,3,29,Offline,0,0,0,75,1,Not_Canceled
INN00081,2,2,0,2,Meal Plan 1,0,Room_Type 6,83,2018,4,1,Online,0,0,0,159.3,0,Canceled
INN00082,2,0,0,5,Meal Plan 1,0,Room_Type 4,128,2018,10,11,Online,0,0,0,132.3,0,Canceled
INN00083,2,0,2,0,Not Selected,0,Room_Type 1,20,2018,12,25,Online,0,0,0,88,2,Not_Canceled
INN00084,2,0,1,4,Meal Plan 1,0,Room_Type 4,40,2018,3,14,Online,0,0,0,98.82,0,Not_Canceled
INN00085,2,0,1,2,Meal Plan 1,1,Room_Type 4,46,2018,3,4,Online,0,0,0,98.3,1,Not_Canceled
INN00086,1,0,1,0,Meal Plan 1,0,Room_Type 1,1,2018,10,17,Online,0,0,0,150,2,Not_Canceled
INN00087,2,0,2,3,Not Selected,0,Room_Type 1,196,2018,9,4,Online,0,0,0,96.05,1,Not_Canceled
INN00088,1,0,0,2,Meal Plan 1,0,Room_Type 1,188,2018,6,15,Online,0,0,0,130,0,Canceled
INN00089,2,0,0,1,Not Selected,0,Room_Type 1,17,2018,12,10,Online,1,0,5,95,0,Not_Canceled
INN00090,2,0,0,3,Meal Plan 1,0,Room_Type 5,146,2018,8,9,Offline,0,0,0,113.56,0,Not_Canceled
INN00091,2,0,1,3,Not Selected,0,Room_Type 1,110,2018,5,5,Online,0,0,0,101.58,1,Not_Canceled
INN00092,2,0,1,2,Meal Plan 1,1,Room_Type 1,68,2018,3,18,Online,0,0,0,105.3,0,Not_Canceled
INN00093,2,0,2,1,Meal Plan 1,0,Room_Type 4,73,2018,4,9,Online,0,0,0,115.8,1,Not_Canceled
INN00094,2,0,0,1,Meal Plan 1,0,Room_Type 4,92,2018,5,19,Online,0,0,0,149.4,1,Not_Canceled
INN00095,2,0,2,5,Meal Plan 1,0,Room_Type 1,171,2018,8,30,Online,0,0,0,111.59,0,Canceled
INN00096,2,1,0,2,Meal Plan 1,1,Room_Type 1,134,2018,8,4,Online,0,0,0,130.5,2,Not_Canceled
INN00097,2,0,0,2,Meal Plan 2,0,Room_Type 1,320,2018,8,18,Online,0,0,0,115,1,Canceled
INN00098,2,0,0,4,Meal Plan 1,0,Room_Type 1,118,2018,4,13,Online,0,0,0,90.95,1,Not_Canceled
INN00099,2,0,0,3,Meal Plan 1,0,Room_Type 1,30,2018,11,17,Online,0,0,0,76.08,1,Not_Canceled
INN00100,2,2,1,3,Meal Plan 1,0,Room_Type 6,30,2018,12,22,Online,0,0,0,156.9,0,Not_Canceled
INN00101,2,0,1,0,Not Selected,0,Room_Type 1,189,2018,10,23,Online,0,0,0,85.5,2,Not_Canceled
INN00102,3,0,1,2,Meal Plan 1,0,Room_Type 4,55,2018,5,13,Online,0,0,0,159.3,2,Not_Canceled
INN00103,1,0,0,4,Meal Plan 1,0,Room_Type 1,55,2018,12,13,Online,0,0,0,74.8,2,Not_Canceled
INN00104,2,0,0,1,Meal Plan 1,0,Room_Type 1,16,2017,10,31,Online,0,0,0,95,1,Not_Canceled
INN00105,2,0,0,3,Meal Plan 1,0,Room_Type 1,24,2017,10,8,Online,0,0,0,107,1,Not_Canceled
INN00106,2,0,0,3,Meal Plan 1,0,Room_Type 1,8,2018,2,16,Offline,0,0,0,64,0,Not_Canceled
INN00107,2,0,1,4,Meal Plan 1,1,Room_Type 1,10,2017,11,2,Online,0,0,0,82.95,0,Not_Canceled
INN00108,2,0,1,3,Meal Plan 1,0,Room_Type 4,0,2017,9,21,Online,0,0,0,155,1,Not_Canceled
INN00109,2,0,0,1,Not Selected,0,Room_Type 1,12,2018,6,30,Online,0,0,0,101.68,1,Not_Canceled
INN00110,2,0,2,1,Meal Plan 1,0,Room_Type 1,32,2017,9,5,Online,0,0,0,94.5,3,Not_Canceled
INN00111,2,0,0,2,Meal Plan 1,0,Room_Type 1,182,2018,9,30,Online,0,0,0,117.9,2,Canceled
INN00112,2,0,1,0,Not Selected,0,Room_Type 1,1,2018,6,27,Online,0,0,0,127,1,Not_Canceled
INN00113,2,0,0,3,Not Selected,0,Room_Type 1,122,2018,6,16,Online,0,0,0,116.1,2,Not_Canceled
INN00114,2,0,2,3,Meal Plan 1,0,Room_Type 1,40,2018,6,30,Online,0,0,0,117.9,1,Not_Canceled
INN00115,2,2,2,2,Meal Plan 1,0,Room_Type 2,116,2018,6,26,Online,0,0,0,184.24,1,Canceled
INN00116,3,0,2,2,Meal Plan 1,1,Room_Type 4,123,2018,8,13,Online,0,0,0,155.7,1,Not_Canceled
INN00117,3,0,2,5,Meal Plan 1,0,Room_Type 4,40,2018,4,22,Online,0,0,0,135.76,0,Canceled
INN00118,2,1,2,5,Meal Plan 1,0,Room_Type 1,105,2018,11,12,Online,0,0,0,102.83,3,Not_Canceled
INN00119,2,0,0,1,Meal Plan 1,0,Room_Type 1,443,2018,4,29,Online,0,0,0,65,0,Canceled
INN00120,2,0,2,3,Meal Plan 1,0,Room_Type 1,2,2017,11,14,Online,0,0,0,103,1,Not_Canceled
INN00121,2,0,0,3,Meal Plan 1,0,Room_Type 1,317,2018,9,1,Online,0,0,0,106.2,1,Canceled
INN00122,2,0,0,2,Meal Plan 2,0,Room_Type 1,286,2018,9,16,Offline,0,0,0,58.5,0,Not_Canceled
INN00123,2,0,1,3,Meal Plan 1,0,Room_Type 1,68,2018,3,10,Online,0,0,0,73.95,0,Canceled
INN00124,2,0,0,3,Meal Plan 1,0,Room_Type 1,148,2018,5,5,Online,0,0,0,105.3,0,Not_Canceled
INN00125,3,0,2,0,Meal Plan 1,0,Room_Type 4,68,2018,4,24,Online,0,0,0,133.2,2,Not_Canceled
INN00126,2,0,0,2,Meal Plan 1,0,Room_Type 1,30,2018,3,30,Offline,0,0,0,85.5,0,Not_Canceled
INN00127,1,0,0,1,Meal Plan 1,0,Room_Type 1,14,2018,11,3,Online,0,0,0,112,1,Canceled
INN00128,2,2,0,2,Meal Plan 1,0,Room_Type 6,110,2018,10,14,Online,0,0,0,190.8,0,Canceled
INN00129,1,0,2,3,Meal Plan 1,0,Room_Type 1,117,2018,6,5,Offline,0,0,0,110,0,Not_Canceled
INN00130,2,0,1,4,Meal Plan 1,0,Room_Type 4,85,2018,7,13,Online,0,0,0,91.48,1,Not_Canceled
INN00131,2,0,0,2,Not Selected,0,Room_Type 1,1,2018,10,20,Online,0,0,0,135,2,Not_Canceled
INN00132,1,0,1,2,Meal Plan 1,0,Room_Type 1,25,2018,10,17,Online,0,0,0,129,2,Not_Canceled
INN00133,2,0,2,4,Not Selected,0,Room_Type 1,289,2018,12,28,Online,0,0,0,70.55,2,Canceled
INN00134,2,0,1,4,Meal Plan 1,0,Room_Type 4,28,2017,10,19,Offline,0,0,0,75,0,Not_Canceled
INN00135,1,0,0,4,Not Selected,0,Room_Type 1,80,2018,3,29,Online,0,0,0,72.25,0,Not_Canceled
INN00136,2,0,0,1,Meal Plan 1,0,Room_Type 4,11,2017,10,9,Online,0,0,0,155,2,Not_Canceled
INN00137,2,1,1,0,Meal Plan 1,0,Room_Type 1,162,2018,7,25,Online,0,0,0,121.5,2,Canceled
INN00138,2,0,2,5,Meal Plan 1,0,Room_Type 1,155,2018,6,28,Online,0,0,0,90.95,2,Not_Canceled
INN00139,1,0,2,2,Meal Plan 1,0,Room_Type 1,82,2018,5,22,Online,0,0,0,109.65,0,Not_Canceled
INN00140,3,0,2,4,Meal Plan 1,0,Room_Type 4,27,2018,4,15,Online,0,0,0,142.72,0,Canceled
INN00141,1,0,1,2,Meal Plan 1,0,Room_Type 1,13,2018,5,9,Offline,0,0,0,90,0,Not_Canceled
INN00142,2,0,0,2,Meal Plan 1,0,Room_Type 1,245,2018,6,17,Online,0,0,0,75,0,Canceled
INN00143,2,0,0,2,Meal Plan 1,0,Room_Type 1,11,2018,11,18,Online,0,0,0,111,1,Canceled
INN00144,2,0,2,2,Meal Plan 1,0,Room_Type 1,266,2018,10,30,Online,0,0,0,86.7,2,Not_Canceled
INN00145,2,0,1,0,Meal Plan 1,0,Room_Type 1,39,2018,3,28,Online,0,0,0,117.9,1,Not_Canceled
INN00146,1,0,0,2,Meal Plan 1,0,Room_Type 1,13,2018,6,1,Complementary,1,3,5,0,1,Not_Canceled
INN00147,2,0,0,4,Not Selected,0,Room_Type 1,112,2018,5,4,Online,0,0,0,101.58,1,Not_Canceled
INN00148,2,0,1,2,Not Selected,0,Room_Type 1,88,2018,4,8,Online,0,0,0,58.9,1,Not_Canceled
INN00149,2,0,0,1,Meal Plan 1,0,Room_Type 1,56,2018,6,8,Offline,0,0,0,120,0,Not_Canceled
INN00150,2,0,2,3,Meal Plan 1,0,Room_Type 4,73,2018,4,7,Online,0,0,0,107.1,0,Canceled
INN00151,2,0,1,1,Meal Plan 1,0,Room_Type 1,80,2018,5,2,Online,0,0,0,126.9,1,Not_Canceled
INN00152,2,0,0,3,Meal Plan 1,0,Room_Type 4,130,2018,9,29,Online,0,0,0,139.5,2,Canceled
INN00153,2,0,1,3,Not Selected,0,Room_Type 1,69,2018,4,4,Online,0,0,0,80.75,1,Not_Canceled
INN00154,2,0,0,2,Meal Plan 2,0,Room_Type 1,273,2017,7,17,Online,0,0,0,109,0,Canceled
INN00155,2,0,0,1,Meal Plan 2,0,Room_Type 1,55,2018,4,6,Offline,0,0,0,104,0,Not_Canceled
INN00156,1,0,0,3,Meal Plan 1,0,Room_Type 1,4,2018,11,1,Corporate,1,1,5,65,1,Not_Canceled
INN00157,2,0,0,3,Meal Plan 1,0,Room_Type 4,97,2018,5,24,Online,0,0,0,140.4,0,Not_Canceled
INN00158,2,0,0,3,Meal Plan 1,0,Room_Type 1,44,2018,2,17,Offline,0,0,0,75,0,Not_Canceled
INN00159,2,0,0,1,Not Selected,0,Room_Type 1,31,2018,4,14,Online,0,0,0,94.5,0,Canceled
INN00160,2,0,1,0,Not Selected,0,Room_Type 1,0,2018,6,5,Online,0,0,0,109,0,Not_Canceled
INN00161,2,0,2,2,Meal Plan 1,0,Room_Type 1,62,2018,11,12,Online,0,0,0,105,2,Not_Canceled
INN00162,2,0,2,2,Meal Plan 1,0,Room_Type 4,86,2018,4,17,Online,0,0,0,107.95,1,Not_Canceled
INN00163,3,0,2,2,Meal Plan 1,0,Room_Type 7,3,2018,10,7,Online,0,0,0,215.6,1,Not_Canceled
INN00164,2,0,1,1,Not Selected,0,Room_Type 1,197,2018,8,1,Online,0,0,0,85.5,1,Not_Canceled
INN00165,2,0,0,2,Meal Plan 1,0,Room_Type 1,143,2018,7,12,Online,0,0,0,105.3,2,Not_Canceled
INN00166,1,0,2,1,Meal Plan 2,0,Room_Type 1,23,2018,1,2,Online,0,0,0,1,0,Not_Canceled
INN00167,2,0,0,2,Meal Plan 1,0,Room_Type 4,8,2018,6,15,Online,0,0,0,156,0,Canceled
INN00168,1,0,0,2,Meal Plan 1,0,Room_Type 1,13,2018,11,16,Online,0,0,0,73.15,1,Not_Canceled
INN00169,2,0,1,2,Meal Plan 1,0,Room_Type 1,280,2018,9,19,Online,0,0,0,110,0,Canceled
INN00170,2,1,1,0,Not Selected,0,Room_Type 1,11,2017,9,13,Online,0,0,0,87.4,1,Not_Canceled
INN00171,2,0,0,2,Meal Plan 1,0,Room_Type 1,317,2018,9,15,Online,0,0,0,120,0,Canceled
INN00172,2,0,1,2,Not Selected,0,Room_Type 1,185,2018,12,16,Online,0,0,0,79.2,0,Canceled
INN00173,2,0,1,3,Meal Plan 1,0,Room_Type 1,160,2018,6,30,Online,0,0,0,90.95,1,Not_Canceled
INN00174,2,0,0,4,Meal Plan 1,0,Room_Type 1,104,2018,10,18,Online,0,0,0,91.48,1,Not_Canceled
INN00175,2,1,0,1,Meal Plan 1,0,Room_Type 1,11,2018,11,5,Online,0,0,0,150,1,Canceled
INN00176,2,0,0,1,Not Selected,0,Room_Type 1,2,2018,3,22,Online,0,0,0,89,0,Not_Canceled
INN00177,2,0,1,4,Not Selected,0,Room_Type 1,14,2018,8,17,Online,0,0,0,91.43,1,Not_Canceled
INN00178,2,0,0,2,Meal Plan 1,0,Room_Type 1,22,2018,5,20,Offline,0,0,0,140,0,Not_Canceled
INN00179,1,1,2,5,Not Selected,0,Room_Type 1,37,2017,10,24,Online,0,0,0,87.78,0,Not_Canceled
INN00180,2,0,0,2,Meal Plan 2,0,Room_Type 1,292,2018,7,21,Online,0,0,0,115,0,Canceled
INN00181,2,0,0,3,Meal Plan 1,0,Room_Type 1,11,2017,9,9,Online,0,0,0,80.85,1,Not_Canceled
INN00182,2,0,1,3,Meal Plan 1,0,Room_Type 1,86,2018,3,31,Online,0,0,0,82.45,1,Not_Canceled
INN00183,2,0,0,1,Not Selected,0,Room_Type 1,109,2018,10,11,Online,0,0,0,108,0,Canceled
INN00184,2,0,1,1,Meal Plan 1,0,Room_Type 4,72,2018,4,2,Online,0,0,0,96.3,1,Not_Canceled
INN00185,2,0,1,5,Meal Plan 1,0,Room_Type 1,196,2018,8,22,Online,0,0,0,99.45,0,Canceled
INN00186,2,0,0,2,Meal Plan 1,0,Room_Type 4,56,2018,5,13,Online,0,0,0,140.4,1,Not_Canceled
INN00187,2,0,1,3,Meal Plan 1,0,Room_Type 1,189,2018,8,8,Offline,0,0,0,72.25,0,Not_Canceled
INN00188,2,0,1,4,Meal Plan 1,0,Room_Type 4,126,2018,8,15,Online,0,0,0,126,0,Not_Canceled
INN00189,2,0,2,3,Meal Plan 1,0,Room_Type 1,303,2018,8,19,Online,0,0,0,78,0,Canceled
INN00190,1,0,2,2,Meal Plan 1,0,Room_Type 4,81,2018,11,6,Online,0,0,0,146.6,1,Not_Canceled
INN00191,2,0,1,2,Meal Plan 1,0,Room_Type 1,54,2018,10,10,Online,0,0,0,118.8,0,Canceled
INN00192,1,0,0,1,Meal Plan 1,0,Room_Type 1,15,2018,10,6,Online,0,0,0,145,0,Canceled
INN00193,2,0,0,4,Meal Plan 1,0,Room_Type 1,86,2018,4,6,Online,0,0,0,84.58,0,Canceled
INN00194,2,0,1,2,Meal Plan 2,0,Room_Type 1,161,2018,3,25,Online,0,0,0,130,0,Canceled
INN00195,2,0,4,10,Meal Plan 1,0,Room_Type 4,147,2018,8,3,Online,0,0,0,118.88,1,Canceled
INN00196,2,0,1,2,Meal Plan 1,0,Room_Type 1,92,2018,5,30,Offline,0,0,0,101.52,0,Not_Canceled
INN00197,2,0,0,1,Meal Plan 1,0,Room_Type 1,87,2017,9,11,Corporate,0,0,0,100,0,Canceled
INN00198,2,0,2,1,Meal Plan 1,0,Room_Type 1,109,2018,3,20,Offline,0,0,0,58,0,Not_Canceled
INN00199,2,0,0,4,Meal Plan 1,0,Room_Type 1,127,2018,3,23,Offline,0,0,0,61.5,2,Not_Canceled
INN00200,2,0,1,2,Meal Plan 2,0,Room_Type 1,418,2018,9,26,Online,0,0,0,107,0,Canceled
INN00201,2,0,1,4,Not Selected,0,Room_Type 1,156,2018,8,24,Online,0,0,0,87.3,1,Not_Canceled
INN00202,2,0,0,2,Meal Plan 1,0,Room_Type 1,80,2017,7,16,Online,0,0,0,76.5,1,Canceled
INN00203,2,0,2,2,Not Selected,0,Room_Type 1,211,2018,12,16,Online,0,0,0,63.75,0,Canceled
INN00204,2,0,1,2,Meal Plan 1,0,Room_Type 1,273,2018,5,13,Online,0,0,0,95,0,Canceled
INN00205,2,0,2,1,Meal Plan 1,0,Room_Type 1,58,2018,11,19,Offline,0,0,0,75,1,Not_Canceled
INN00206,2,0,0,3,Meal Plan 1,0,Room_Type 1,433,2018,9,8,Online,0,0,0,70,0,Canceled
INN00207,2,0,1,3,Meal Plan 1,0,Room_Type 1,111,2018,5,2,Online,0,0,0,101.58,1,Not_Canceled
INN00208,2,0,2,3,Meal Plan 1,0,Room_Type 1,34,2018,8,21,Offline,0,0,0,85,0,Not_Canceled
INN00209,2,0,2,4,Meal Plan 1,0,Room_Type 1,17,2018,12,3,Online,0,0,0,98.39,0,Not_Canceled
INN00210,1,0,0,0,Meal Plan 1,0,Room_Type 1,4,2018,2,27,Complementary,0,0,0,0,1,Not_Canceled
INN00211,2,0,0,3,Meal Plan 1,0,Room_Type 1,6,2017,9,22,Online,0,0,0,106.07,1,Not_Canceled
INN00212,2,0,1,1,Meal Plan 1,0,Room_Type 1,32,2018,7,18,Offline,0,0,0,105,1,Not_Canceled
INN00213,2,0,0,1,Meal Plan 1,0,Room_Type 1,4,2017,9,22,Online,0,0,0,145,2,Not_Canceled
INN00214,3,0,2,1,Meal Plan 1,0,Room_Type 1,195,2018,8,13,Online,0,0,0,106.03,1,Canceled
INN00215,2,0,2,2,Meal Plan 1,0,Room_Type 1,119,2018,8,13,Online,0,0,0,114.3,1,Not_Canceled
INN00216,1,0,1,1,Not Selected,0,Room_Type 1,13,2018,12,5,Online,0,0,0,88,0,Not_Canceled
INN00217,2,0,0,2,Meal Plan 1,0,Room_Type 1,59,2017,10,15,Online,0,0,0,89.25,2,Not_Canceled
INN00218,2,1,2,5,Meal Plan 1,0,Room_Type 4,78,2018,3,20,Online,0,0,0,86.32,1,Not_Canceled
INN00219,2,0,0,3,Meal Plan 1,0,Room_Type 1,335,2018,10,13,Offline,0,0,0,90,1,Not_Canceled
INN00220,2,0,2,5,Meal Plan 1,0,Room_Type 1,103,2017,8,22,Online,0,0,0,55.96,0,Not_Canceled
INN00221,1,0,0,2,Not Selected,0,Room_Type 1,0,2018,6,8,Online,0,0,0,109,1,Not_Canceled
INN00222,2,0,0,1,Meal Plan 1,0,Room_Type 1,118,2018,3,1,Offline,0,0,0,86,0,Not_Canceled
INN00223,2,0,1,5,Meal Plan 1,0,Room_Type 1,56,2018,9,5,Online,0,0,0,118.95,0,Not_Canceled
INN00224,2,0,0,2,Meal Plan 1,0,Room_Type 1,107,2018,6,10,Offline,0,0,0,130,1,Not_Canceled
INN00225,2,0,1,3,Not Selected,0,Room_Type 1,70,2018,4,14,Online,0,0,0,90.56,1,Not_Canceled
INN00226,2,0,0,2,Meal Plan 1,0,Room_Type 1,76,2018,4,1,Online,0,0,0,87.3,1,Not_Canceled
INN00227,2,2,2,2,Meal Plan 1,0,Room_Type 6,144,2018,5,27,Online,0,0,0,177.65,1,Canceled
INN00228,1,2,2,2,Meal Plan 1,0,Room_Type 6,4,2017,9,19,Online,0,0,0,200.75,2,Not_Canceled
INN00229,2,1,0,2,Meal Plan 1,0,Room_Type 1,15,2018,3,18,Online,0,0,0,127,1,Not_Canceled
INN00230,1,0,1,2,Meal Plan 1,0,Room_Type 1,32,2018,2,5,Online,0,0,0,72.9,0,Canceled
INN00231,3,0,1,1,Meal Plan 1,0,Room_Type 4,49,2018,5,7,Online,0,0,0,159.3,0,Canceled
INN00232,2,1,1,3,Meal Plan 1,0,Room_Type 1,77,2018,5,12,Online,0,0,0,135.15,1,Not_Canceled
INN00233,1,0,0,2,Meal Plan 1,0,Room_Type 1,22,2018,10,28,Offline,0,0,0,90,0,Not_Canceled
INN00234,2,0,1,0,Not Selected,0,Room_Type 1,0,2017,10,18,Online,0,0,0,114,0,Not_Canceled
INN00235,2,1,0,1,Meal Plan 1,1,Room_Type 1,58,2018,6,21,Online,0,0,0,125.1,1,Not_Canceled
INN00236,2,0,2,6,Not Selected,0,Room_Type 1,4,2017,8,14,Online,0,0,0,95.13,1,Not_Canceled
INN00237,2,0,0,2,Meal Plan 1,0,Room_Type 5,117,2018,4,29,Online,0,0,0,105.84,0,Canceled
INN00238,2,0,1,3,Meal Plan 1,0,Room_Type 1,36,2018,12,26,Online,0,0,0,102,0,Canceled
INN00239,2,0,2,2,Not Selected,0,Room_Type 1,35,2018,12,2,Online,0,0,0,74.8,2,Not_Canceled
INN00240,2,0,1,0,Not Selected,0,Room_Type 1,31,2018,4,24,Online,0,0,0,94.5,0,Canceled
INN00241,2,0,2,4,Not Selected,0,Room_Type 1,79,2018,6,16,Online,0,0,0,120.6,0,Not_Canceled
INN00242,2,0,1,2,Meal Plan 1,0,Room_Type 1,1,2017,10,9,Online,0,0,0,139.33,0,Not_Canceled
INN00243,2,0,0,2,Meal Plan 1,0,Room_Type 1,21,2017,9,3,Online,0,0,0,105,0,Not_Canceled
INN00244,2,0,0,2,Not Selected,0,Room_Type 1,12,2018,9,14,Corporate,0,0,0,100,1,Not_Canceled
INN00245,2,0,1,0,Meal Plan 1,0,Room_Type 1,33,2018,2,8,Online,0,0,0,80.3,1,Not_Canceled
INN00246,1,0,0,2,Meal Plan 1,0,Room_Type 1,164,2017,10,2,Offline,0,0,0,100,0,Not_Canceled
INN00247,2,0,0,3,Meal Plan 1,1,Room_Type 1,78,2018,3,24,Online,0,0,0,105.3,1,Not_Canceled
INN00248,2,0,0,4,Meal Plan 1,0,Room_Type 4,18,2018,5,31,Online,0,0,0,112.8,0,Canceled
INN00249,2,0,1,2,Meal Plan 1,0,Room_Type 1,21,2018,8,15,Online,0,0,0,151,0,Canceled
INN00250,1,0,1,3,Meal Plan 1,0,Room_Type 1,0,2017,11,9,Online,0,0,0,91,1,Not_Canceled
INN00251,3,0,2,1,Meal Plan 1,0,Room_Type 4,152,2018,8,13,Online,0,0,0,146.7,1,Canceled
INN00252,2,0,2,3,Meal Plan 1,0,Room_Type 1,43,2017,10,2,Offline,0,0,0,58.4,0,Not_Canceled
INN00253,2,0,0,4,Not Selected,0,Room_Type 1,177,2018,7,26,Online,0,0,0,80.75,1,Canceled
INN00254,2,0,1,1,Not Selected,0,Room_Type 1,47,2018,5,21,Offline,0,0,0,76.5,0,Not_Canceled
INN00255,3,0,0,3,Meal Plan 1,0,Room_Type 4,57,2018,9,7,Online,0,0,0,140.13,0,Not_Canceled
INN00256,2,0,2,4,Not Selected,0,Room_Type 1,60,2017,11,15,Online,0,0,0,76,1,Not_Canceled
INN00257,2,0,0,1,Meal Plan 1,0,Room_Type 1,0,2017,9,16,Online,0,0,0,200,0,Not_Canceled
INN00258,2,0,0,2,Meal Plan 2,0,Room_Type 1,102,2017,10,16,Online,0,0,0,101.5,0,Canceled
INN00259,2,0,0,3,Not Selected,0,Room_Type 1,71,2018,10,18,Online,0,0,0,108,1,Not_Canceled
INN00260,3,0,2,3,Meal Plan 2,0,Room_Type 4,111,2018,7,23,Online,0,0,0,189,1,Not_Canceled
INN00261,3,0,1,1,Meal Plan 1,0,Room_Type 4,1,2018,6,11,Online,0,0,0,166,3,Not_Canceled
INN00262,2,0,1,1,Not Selected,0,Room_Type 1,4,2018,1,16,Online,0,0,0,67.5,0,Not_Canceled
INN00263,2,0,1,3,Meal Plan 1,0,Room_Type 4,25,2017,9,14,Online,0,0,0,78.54,1,Not_Canceled
INN00264,1,0,2,2,Meal Plan 1,0,Room_Type 1,209,2018,11,6,Online,0,0,0,152.1,1,Canceled
INN00265,1,0,2,1,Meal Plan 1,0,Room_Type 1,93,2018,10,15,Online,0,0,0,115,0,Canceled
INN00266,2,0,2,5,Not Selected,0,Room_Type 1,53,2017,9,2,Online,0,0,0,66.53,2,Not_Canceled
INN00267,1,0,0,2,Meal Plan 1,0,Room_Type 1,1,2017,8,12,Complementary,1,0,1,0,1,Not_Canceled
INN00268,1,0,2,1,Meal Plan 1,0,Room_Type 1,4,2017,8,23,Complementary,0,0,0,0,1,Not_Canceled
INN00269,2,0,0,3,Meal Plan 1,0,Room_Type 1,302,2018,12,29,Online,0,0,0,90.3,2,Canceled
INN00270,2,0,0,2,Meal Plan 1,0,Room_Type 1,122,2018,4,15,Offline,0,0,0,85,0,Not_Canceled
INN00271,1,0,0,1,Meal Plan 1,0,Room_Type 1,16,2018,3,11,Corporate,0,0,0,75,0,Not_Canceled
INN00272,2,0,2,4,Meal Plan 1,0,Room_Type 1,28,2018,8,28,Online,0,0,0,115.37,1,Canceled
INN00273,2,0,1,2,Meal Plan 2,0,Room_Type 1,161,2018,3,25,Online,0,0,0,130,0,Canceled
INN00274,3,0,0,2,Meal Plan 1,0,Room_Type 4,57,2018,12,9,Online,0,0,0,126,2,Not_Canceled
INN00275,2,0,1,0,Meal Plan 1,0,Room_Type 1,19,2018,6,12,Online,0,0,0,94.35,1,Not_Canceled
INN00276,3,0,2,4,Meal Plan 1,0,Room_Type 4,109,2018,7,6,Online,0,0,0,118.46,4,Not_Canceled
INN00277,1,0,0,2,Meal Plan 2,0,Room_Type 1,239,2018,6,15,Online,0,0,0,90.6,0,Canceled
INN00278,1,0,2,1,Meal Plan 1,0,Room_Type 1,33,2018,3,5,Online,0,0,0,82.9,2,Not_Canceled
INN00279,2,0,0,3,Meal Plan 1,0,Room_Type 1,11,2017,8,18,Online,0,0,0,95.33,1,Not_Canceled
INN00280,3,0,2,5,Meal Plan 1,0,Room_Type 4,40,2018,4,21,Online,0,0,0,135.64,1,Not_Canceled
INN00281,3,0,1,1,Meal Plan 1,0,Room_Type 4,45,2018,6,18,Offline,0,0,0,122.4,0,Not_Canceled
INN00282,2,0,1,3,Not Selected,0,Room_Type 1,41,2018,5,9,Online,0,0,0,116.1,0,Canceled
INN00283,2,0,0,4,Not Selected,0,Room_Type 1,167,2018,6,28,Online,0,0,0,62.18,0,Canceled
INN00284,2,0,0,4,Not Selected,0,Room_Type 1,62,2018,3,9,Online,0,0,0,63.75,0,Canceled
INN00285,1,0,1,4,Meal Plan 1,0,Room_Type 1,113,2018,9,7,Online,0,0,0,118.8,0,Canceled
INN00286,2,0,0,2,Not Selected,1,Room_Type 1,1,2018,8,10,Online,0,0,0,167,0,Not_Canceled
INN00287,2,2,2,2,Meal Plan 1,0,Room_Type 6,84,2018,5,13,Online,0,0,0,187.85,1,Not_Canceled
INN00288,0,2,2,2,Meal Plan 1,0,Room_Type 1,68,2018,4,24,Online,0,0,0,108.38,1,Canceled
INN00289,2,0,0,1,Meal Plan 1,0,Room_Type 2,9,2018,9,7,Complementary,1,0,3,0,1,Not_Canceled
INN00290,3,0,1,2,Meal Plan 1,0,Room_Type 1,245,2018,10,28,Online,0,0,0,128.7,0,Canceled
INN00291,2,0,1,3,Meal Plan 1,0,Room_Type 1,80,2018,3,17,Online,0,0,0,80.33,1,Not_Canceled
INN00292,2,0,1,1,Meal Plan 1,0,Room_Type 1,7,2018,8,22,Online,0,0,0,140,1,Canceled
INN00293,2,1,1,1,Meal Plan 1,0,Room_Type 1,128,2017,8,8,Online,0,0,0,76.5,2,Not_Canceled
INN00294,2,0,2,1,Meal Plan 1,0,Room_Type 1,100,2018,5,1,Online,0,0,0,105.3,1,Not_Canceled
INN00295,2,0,2,1,Meal Plan 1,0,Room_Type 1,118,2018,4,3,Online,0,0,0,87.3,1,Canceled
INN00296,1,0,0,3,Meal Plan 1,0,Room_Type 1,166,2018,11,1,Online,0,0,0,110,0,Canceled
INN00297,1,0,0,1,Meal Plan 2,0,Room_Type 1,41,2017,9,4,Offline,0,0,0,83,0,Not_Canceled
INN00298,2,0,2,2,Meal Plan 1,0,Room_Type 1,174,2018,8,13,Online,0,0,0,99.45,1,Not_Canceled
INN00299,2,1,2,1,Meal Plan 2,0,Room_Type 1,27,2017,12,27,Offline,0,0,0,104.5,3,Not_Canceled
INN00300,2,0,2,6,Meal Plan 1,0,Room_Type 1,2,2018,11,16,Online,0,0,0,92.54,2,Not_Canceled
INN00301,1,0,0,3,Meal Plan 1,0,Room_Type 1,37,2018,10,13,Offline,0,0,0,95,0,Not_Canceled
INN00302,1,0,0,2,Meal Plan 1,0,Room_Type 1,188,2018,6,15,Online,0,0,0,130,0,Canceled
INN00303,2,0,2,1,Meal Plan 1,0,Room_Type 1,68,2018,1,2,Offline,1,1,0,63,1,Not_Canceled
INN00304,2,0,1,2,Meal Plan 1,0,Room_Type 4,189,2018,10,28,Online,0,0,0,109.8,0,Canceled
INN00305,2,0,1,0,Meal Plan 1,0,Room_Type 1,10,2018,5,16,Online,0,0,0,103,0,Not_Canceled
INN00306,3,0,2,1,Meal Plan 1,0,Room_Type 4,19,2018,2,20,Online,0,0,0,130,1,Not_Canceled
INN00307,2,0,0,2,Meal Plan 1,0,Room_Type 1,61,2018,3,23,Online,0,0,0,117,0,Canceled
INN00308,2,0,0,4,Meal Plan 1,0,Room_Type 4,95,2017,12,29,Offline,0,0,0,60.5,0,Not_Canceled
INN00309,2,0,0,1,Meal Plan 2,0,Room_Type 1,83,2017,9,30,Offline,0,0,0,112.2,0,Not_Canceled
INN00310,2,0,1,3,Meal Plan 1,0,Room_Type 1,37,2018,8,1,Online,0,0,0,135.9,0,Canceled
INN00311,2,0,1,0,Meal Plan 1,0,Room_Type 1,19,2018,7,25,Online,0,0,0,151,1,Canceled
INN00312,2,2,0,2,Meal Plan 1,0,Room_Type 6,22,2018,9,16,Online,0,0,0,239,2,Not_Canceled
INN00313,2,0,2,1,Meal Plan 1,0,Room_Type 1,22,2017,12,26,Online,0,0,0,59.09,0,Not_Canceled
INN00314,2,0,2,5,Meal Plan 1,0,Room_Type 1,151,2018,7,9,Online,0,0,0,103.09,0,Canceled
INN00315,2,0,2,1,Meal Plan 1,0,Room_Type 1,26,2018,2,28,Offline,0,0,0,87,0,Not_Canceled
INN00316,3,0,1,0,Meal Plan 1,0,Room_Type 4,27,2018,4,17,Online,0,0,0,137,0,Canceled
INN00317,2,0,0,2,Meal Plan 2,0,Room_Type 1,79,2018,6,24,Offline,0,0,0,109,0,Not_Canceled
INN00318,2,0,1,1,Meal Plan 2,0,Room_Type 1,247,2018,6,6,Online,0,0,0,115,1,Canceled
INN00319,2,0,2,3,Meal Plan 1,0,Room_Type 4,189,2018,7,17,Online,0,0,0,99.45,1,Not_Canceled
INN00320,2,0,0,2,Meal Plan 2,0,Room_Type 1,320,2018,8,18,Online,0,0,0,115,1,Canceled
INN00321,3,0,1,2,Meal Plan 1,0,Room_Type 4,27,2018,2,22,Online,0,0,0,130,2,Not_Canceled
INN00322,1,0,1,0,Meal Plan 1,0,Room_Type 1,51,2018,5,22,Corporate,1,0,3,65,0,Not_Canceled
INN00323,2,0,0,2,Meal Plan 1,0,Room_Type 1,245,2018,6,17,Online,0,0,0,75,0,Canceled
INN00324,2,1,1,2,Meal Plan 1,0,Room_Type 1,52,2018,7,8,Online,0,0,0,132.9,0,Canceled
INN00325,1,0,2,0,Meal Plan 1,0,Room_Type 1,13,2017,10,18,Online,0,0,0,120,0,Not_Canceled
INN00326,2,0,0,2,Not Selected,0,Room_Type 1,46,2018,11,11,Online,0,0,0,79.2,1,Canceled
INN00327,3,0,2,1,Meal Plan 1,0,Room_Type 4,84,2018,8,28,Online,0,0,0,159.3,0,Canceled
INN00328,1,0,0,2,Meal Plan 1,0,Room_Type 1,188,2018,6,15,Online,0,0,0,130,0,Canceled
INN00329,2,0,0,3,Meal Plan 1,0,Room_Type 1,19,2017,10,6,Offline,1,1,0,90,0,Not_Canceled
INN00330,2,0,0,2,Meal Plan 1,0,Room_Type 4,67,2018,5,27,Online,0,0,0,140.4,1,Not_Canceled
INN00331,2,0,0,1,Meal Plan 1,0,Room_Type 1,0,2017,8,11,Online,0,0,0,75,0,Not_Canceled
INN00332,2,0,0,2,Meal Plan 2,0,Room_Type 1,273,2017,7,17,Online,0,0,0,109,0,Canceled
INN00333,2,0,2,1,Meal Plan 2,0,Room_Type 1,110,2017,7,25,Online,0,0,0,94.5,0,Canceled
INN00334,1,0,0,1,Meal Plan 1,0,Room_Type 1,0,2017,12,15,Corporate,1,0,1,75,0,Not_Canceled
INN00335,2,0,1,2,Meal Plan 1,0,Room_Type 4,32,2017,10,23,Offline,0,0,0,75,1,Not_Canceled
INN00336,2,0,2,1,Meal Plan 1,0,Room_Type 1,282,2017,10,10,Offline,0,0,0,76.67,0,Not_Canceled
INN00337,2,0,2,2,Meal Plan 1,0,Room_Type 1,38,2018,10,2,Online,0,0,0,126,0,Not_Canceled
INN00338,2,0,1,1,Not Selected,0,Room_Type 1,175,2018,7,23,Online,0,0,0,85.5,1,Not_Canceled
INN00339,2,0,0,3,Meal Plan 1,0,Room_Type 4,143,2018,8,18,Online,0,0,0,140.7,0,Canceled
INN00340,2,0,2,2,Meal Plan 1,0,Room_Type 4,127,2018,6,26,Online,0,0,0,103.7,1,Not_Canceled
INN00341,1,0,0,1,Meal Plan 1,0,Room_Type 1,0,2017,9,8,Online,0,0,0,142,0,Not_Canceled
INN00342,2,1,2,5,Meal Plan 1,0,Room_Type 1,95,2018,12,21,Online,0,0,0,103.7,3,Not_Canceled
INN00343,1,0,1,2,Meal Plan 1,0,Room_Type 1,118,2018,6,6,Offline,0,0,0,110,0,Not_Canceled
INN00344,2,0,0,3,Meal Plan 1,0,Room_Type 1,45,2018,11,10,Offline,0,0,0,75,0,Not_Canceled
INN00345,3,0,1,1,Meal Plan 1,0,Room_Type 4,69,2018,7,25,Online,0,0,0,137.7,0,Not_Canceled
INN00346,2,0,0,1,Not Selected,0,Room_Type 1,57,2018,9,7,Online,0,0,0,87.3,3,Not_Canceled
INN00347,1,0,0,2,Meal Plan 1,0,Room_Type 1,5,2018,8,24,Complementary,1,0,4,0,4,Not_Canceled
INN00348,2,0,0,2,Meal Plan 2,0,Room_Type 1,39,2017,8,14,Offline,0,0,0,101.5,0,Not_Canceled
INN00349,2,0,0,1,Meal Plan 1,0,Room_Type 1,0,2018,2,24,Online,0,0,0,97,1,Not_Canceled
INN00350,3,0,1,1,Meal Plan 1,0,Room_Type 4,89,2018,8,15,Online,0,0,0,150.3,1,Not_Canceled
INN00351,2,0,0,4,Meal Plan 1,0,Room_Type 1,85,2018,3,29,Online,0,0,0,82.45,0,Not_Canceled
INN00352,1,0,0,1,Meal Plan 1,1,Room_Type 4,4,2018,7,1,Corporate,1,0,3,103,1,Not_Canceled
INN00353,1,0,2,6,Meal Plan 1,0,Room_Type 1,11,2018,7,5,Online,0,0,0,145,0,Canceled
INN00354,1,0,1,1,Meal Plan 1,0,Room_Type 1,12,2018,7,11,Online,0,0,0,145,1,Not_Canceled
INN00355,2,0,2,2,Meal Plan 1,0,Room_Type 4,77,2018,5,14,Online,0,0,0,134.85,1,Not_Canceled
INN00356,2,1,1,1,Meal Plan 1,0,Room_Type 6,14,2018,10,22,Online,0,0,0,168.25,1,Not_Canceled
INN00357,1,0,2,1,Meal Plan 1,0,Room_Type 1,1,2018,2,28,Online,0,0,0,60,0,Canceled
INN00358,2,0,1,3,Meal Plan 1,0,Room_Type 1,133,2018,6,13,Offline,0,0,0,76,0,Not_Canceled
INN00359,2,0,1,2,Meal Plan 1,0,Room_Type 1,3,2017,8,10,Offline,0,0,0,63.5,1,Not_Canceled
INN00360,2,0,2,0,Meal Plan 1,0,Room_Type 1,19,2018,9,18,Offline,0,0,0,95,0,Not_Canceled
INN00361,2,0,2,2,Meal Plan 1,0,Room_Type 4,86,2018,9,3,Offline,0,0,0,90.95,3,Not_Canceled
INN00362,2,0,0,2,Meal Plan 1,0,Room_Type 1,23,2017,10,16,Online,0,0,0,98.4,2,Not_Canceled
INN00363,2,0,0,1,Meal Plan 1,0,Room_Type 1,65,2018,9,22,Online,0,0,0,135.9,1,Not_Canceled
INN00364,2,0,0,2,Meal Plan 1,0,Room_Type 4,1,2018,11,16,Online,0,0,0,130,1,Not_Canceled
INN00365,2,0,0,1,Meal Plan 1,0,Room_Type 4,66,2017,11,19,Online,0,0,0,81.9,2,Not_Canceled
INN00366,3,0,1,4,Meal Plan 1,0,Room_Type 1,50,2018,2,22,Online,0,0,0,78.85,1,Not_Canceled
INN00367,2,0,2,3,Meal Plan 2,0,Room_Type 1,87,2018,6,26,Online,0,0,0,141.3,0,Canceled
INN00368,2,0,1,1,Meal Plan 1,0,Room_Type 1,159,2018,4,9,Offline,0,0,0,70,1,Not_Canceled
INN00369,2,0,2,3,Meal Plan 2,0,Room_Type 1,39,2018,8,13,Online,0,0,0,170.1,2,Not_Canceled
INN00370,2,0,2,0,Meal Plan 2,0,Room_Type 1,386,2018,10,23,Online,0,0,0,115,1,Canceled
INN00371,2,2,0,5,Meal Plan 1,0,Room_Type 6,22,2017,12,29,Online,0,0,0,199,0,Not_Canceled
INN00372,2,0,2,2,Meal Plan 1,0,Room_Type 4,102,2018,7,10,Offline,0,0,0,82.45,0,Not_Canceled
INN00373,4,0,0,3,Meal Plan 1,0,Room_Type 7,86,2018,10,20,Online,0,0,0,192.86,1,Not_Canceled
INN00374,2,0,2,2,Meal Plan 1,0,Room_Type 1,56,2017,9,25,Offline,0,0,0,185,0,Not_Canceled
INN00375,2,0,2,6,Meal Plan 1,0,Room_Type 1,36,2018,12,10,Online,0,0,0,68.07,1,Not_Canceled
INN00376,2,0,0,3,Meal Plan 1,0,Room_Type 1,50,2018,10,4,Online,0,0,0,118.8,1,Not_Canceled
INN00377,2,0,0,2,Meal Plan 1,0,Room_Type 4,115,2018,10,27,Online,0,0,0,104.4,0,Canceled
INN00378,1,0,0,1,Meal Plan 1,0,Room_Type 1,0,2018,3,23,Corporate,1,0,12,65,0,Not_Canceled
INN00379,2,0,1,3,Not Selected,0,Room_Type 1,35,2018,3,3,Online,0,0,0,71.1,0,Canceled
INN00380,2,0,2,1,Meal Plan 1,0,Room_Type 1,17,2018,5,21,Offline,0,0,0,95,0,Not_Canceled
INN00381,2,0,4,11,Meal Plan 1,0,Room_Type 4,237,2018,9,13,Online,0,0,0,116.62,1,Canceled
INN00382,2,0,0,4,Meal Plan 1,0,Room_Type 1,125,2018,9,7,Online,0,0,0,136,2,Not_Canceled
INN00383,2,2,2,2,Meal Plan 1,0,Room_Type 6,32,2018,12,2,Online,0,0,0,147.9,0,Canceled
INN00384,2,0,2,0,Not Selected,0,Room_Type 1,5,2018,9,18,Offline,0,0,0,123.7,0,Not_Canceled
INN00385,2,0,2,1,Meal Plan 1,0,Room_Type 1,91,2018,6,19,Online,0,0,0,135.9,0,Canceled
INN00386,2,0,0,2,Meal Plan 2,0,Room_Type 1,102,2017,10,16,Offline,0,0,0,109,0,Not_Canceled
INN00387,3,0,2,1,Meal Plan 1,0,Room_Type 4,9,2018,3,20,Online,0,0,0,186,1,Not_Canceled
INN00388,3,0,1,3,Meal Plan 1,0,Room_Type 4,155,2018,12,26,Online,0,0,0,115.6,1,Canceled
INN00389,2,2,0,1,Meal Plan 1,0,Room_Type 6,0,2018,5,14,Online,0,0,0,221,0,Canceled
INN00390,1,0,0,3,Meal Plan 1,0,Room_Type 1,11,2017,9,15,Corporate,0,0,0,65,0,Not_Canceled
INN00391,1,0,0,1,Meal Plan 1,0,Room_Type 1,0,2018,2,19,Corporate,0,0,0,80,0,Not_Canceled
INN00392,2,1,1,4,Meal Plan 1,0,Room_Type 1,86,2018,3,23,Offline,0,0,0,73.83,0,Not_Canceled
INN00393,1,0,0,1,Meal Plan 1,1,Room_Type 1,18,2018,10,18,Corporate,1,3,19,67,0,Not_Canceled
INN00394,2,0,0,2,Meal Plan 1,0,Room_Type 1,58,2018,3,4,Online,0,0,0,80.3,1,Not_Canceled
INN00395,2,0,2,1,Not Selected,0,Room_Type 1,54,2018,4,30,Offline,0,0,0,85,0,Not_Canceled
INN00396,2,1,2,3,Meal Plan 1,0,Room_Type 1,25,2018,7,23,Online,0,0,0,152.1,1,Canceled
INN00397,2,0,0,2,Meal Plan 1,0,Room_Type 1,107,2017,9,9,Online,0,0,0,89.25,1,Not_Canceled
INN00398,1,0,0,4,Meal Plan 2,0,Room_Type 1,100,2018,9,28,Offline,0,0,0,110,0,Not_Canceled
INN00399,2,0,1,2,Meal Plan 1,0,Room_Type 1,273,2018,5,13,Online,0,0,0,95,0,Canceled
INN00400,2,0,0,1,Not Selected,0,Room_Type 1,29,2018,3,18,Online,0,0,0,79,0,Not_Canceled
INN00401,2,0,0,1,Meal Plan 1,0,Room_Type 1,221,2018,8,12,Online,0,0,0,80,0,Canceled
INN00402,2,0,2,2,Meal Plan 1,0,Room_Type 1,213,2018,10,1,Online,0,0,0,102.85,2,Canceled
INN00403,2,0,1,2,Meal Plan 1,0,Room_Type 1,198,2018,9,9,Online,0,0,0,90,0,Canceled
INN00404,2,0,1,2,Meal Plan 1,0,Room_Type 2,81,2018,1,29,Online,0,0,0,62.37,2,Not_Canceled
INN00405,2,0,0,1,Not Selected,0,Room_Type 1,23,2018,4,8,Online,0,0,0,98,0,Not_Canceled
INN00406,2,0,0,3,Meal Plan 1,0,Room_Type 1,26,2017,9,17,Online,0,0,0,117.67,1,Canceled
INN00407,2,0,2,1,Meal Plan 1,0,Room_Type 1,20,2018,6,18,Online,0,0,0,141,1,Not_Canceled
INN00408,2,1,1,3,Meal Plan 1,0,Room_Type 6,124,2018,12,26,Online,0,0,0,156.61,2,Canceled
INN00409,3,0,0,3,Meal Plan 1,0,Room_Type 4,85,2018,8,3,Online,0,0,0,152.1,0,Canceled
INN00410,2,0,0,1,Meal Plan 1,0,Room_Type 1,167,2018,8,6,Online,0,0,0,105.3,0,Canceled
INN00411,2,0,1,3,Meal Plan 1,0,Room_Type 1,71,2018,5,30,Online,0,0,0,119.85,1,Not_Canceled
INN00412,2,0,0,2,Meal Plan 1,0,Room_Type 1,48,2018,11,4,Online,0,0,0,97.2,2,Not_Canceled
INN00413,1,0,0,1,Not Selected,0,Room_Type 1,37,2018,5,13,Online,0,0,0,116.1,0,Not_Canceled
INN00414,3,0,2,2,Meal Plan 1,0,Room_Type 4,76,2018,5,29,Online,0,0,0,150.45,0,Canceled
INN00415,1,0,0,1,Meal Plan 1,0,Room_Type 1,13,2018,1,20,Offline,0,0,0,71,0,Not_Canceled
INN00416,1,0,1,0,Meal Plan 1,0,Room_Type 1,3,2018,6,27,Complementary,0,0,0,0,0,Not_Canceled
INN00417,2,0,1,2,Meal Plan 1,0,Room_Type 4,75,2017,12,7,Offline,0,0,0,60,0,Not_Canceled
INN00418,1,0,0,1,Meal Plan 1,0,Room_Type 1,5,2018,4,5,Corporate,1,0,1,89,1,Not_Canceled
INN00419,2,0,2,0,Meal Plan 2,0,Room_Type 1,386,2018,10,23,Online,0,0,0,115,1,Canceled
INN00420,2,0,1,1,Meal Plan 1,0,Room_Type 1,180,2018,5,2,Offline,0,0,0,100,1,Not_Canceled
INN00421,2,0,1,3,Not Selected,0,Room_Type 1,122,2018,11,14,Online,0,0,0,75.9,2,Canceled
INN00422,2,0,1,2,Meal Plan 1,0,Room_Type 1,224,2017,10,2,Offline,0,0,0,65,0,Not_Canceled
INN00423,2,0,2,2,Meal Plan 1,0,Room_Type 1,24,2018,5,29,Online,0,0,0,104.55,2,Not_Canceled
INN00424,1,0,2,2,Meal Plan 1,0,Room_Type 1,162,2018,10,14,Online,0,0,0,115,0,Canceled
INN00425,3,0,1,1,Meal Plan 1,0,Room_Type 4,25,2018,7,2,Online,0,0,0,187,0,Canceled
INN00426,1,0,0,1,Meal Plan 1,0,Room_Type 1,1,2018,8,4,Online,0,0,0,115,0,Not_Canceled
INN00427,2,0,0,4,Not Selected,0,Room_Type 1,236,2018,9,27,Online,0,0,0,84.43,1,Canceled
INN00428,2,0,2,3,Meal Plan 1,0,Room_Type 1,120,2018,4,8,Online,0,0,0,90.95,0,Canceled
INN00429,2,0,1,3,Meal Plan 2,1,Room_Type 4,12,2018,3,24,Online,0,0,0,208,1,Not_Canceled
INN00430,2,0,2,4,Meal Plan 1,0,Room_Type 1,224,2018,9,3,Online,0,0,0,97.18,1,Canceled
INN00431,1,0,0,4,Meal Plan 2,0,Room_Type 1,33,2017,10,21,Offline,0,0,0,79.11,0,Not_Canceled
INN00432,2,0,0,2,Meal Plan 1,0,Room_Type 1,24,2018,5,13,Complementary,0,0,0,0,0,Not_Canceled
INN00433,2,0,0,1,Meal Plan 1,0,Room_Type 4,22,2017,9,8,Online,0,0,0,120,1,Not_Canceled
INN00434,2,0,0,3,Meal Plan 1,0,Room_Type 1,10,2017,10,20,Online,0,0,0,126,1,Not_Canceled
INN00435,2,0,0,2,Meal Plan 1,0,Room_Type 1,15,2018,2,16,Online,0,0,0,91,1,Canceled
INN00436,2,0,0,5,Meal Plan 2,0,Room_Type 1,230,2018,9,6,Online,0,0,0,137,0,Canceled
INN00437,2,0,0,4,Meal Plan 1,0,Room_Type 1,54,2018,3,16,Offline,0,0,0,67.32,0,Not_Canceled
INN00438,2,0,0,1,Meal Plan 1,0,Room_Type 1,45,2017,10,23,Online,0,0,0,81.62,0,Not_Canceled
INN00439,3,0,1,3,Meal Plan 2,0,Room_Type 4,63,2018,10,24,Online,0,0,0,123.66,2,Not_Canceled
INN00440,2,0,2,1,Not Selected,0,Room_Type 1,166,2018,8,6,Online,0,0,0,94.5,1,Not_Canceled
INN00441,2,0,1,4,Meal Plan 1,0,Room_Type 1,148,2018,8,22,Online,0,0,0,96.3,0,Canceled
INN00442,2,0,2,1,Meal Plan 1,0,Room_Type 1,136,2018,8,13,Online,0,0,0,88.01,1,Not_Canceled
INN00443,2,0,1,3,Meal Plan 1,0,Room_Type 1,37,2018,3,10,Online,0,0,0,81.9,2,Not_Canceled
INN00444,2,0,0,4,Meal Plan 1,0,Room_Type 1,66,2018,5,11,Online,0,0,0,119.85,1,Not_Canceled
INN00445,1,0,0,1,Meal Plan 1,0,Room_Type 1,11,2017,10,23,Offline,0,0,0,83.5,0,Not_Canceled
INN00446,1,0,0,1,Meal Plan 1,1,Room_Type 1,1,2018,4,1,Corporate,1,0,3,67,1,Not_Canceled
INN00447,2,0,2,2,Meal Plan 1,0,Room_Type 4,7,2018,6,19,Online,0,0,0,156,1,Not_Canceled
INN00448,2,0,0,1,Meal Plan 1,0,Room_Type 1,43,2017,10,13,Offline,0,0,0,85,0,Not_Canceled
INN00449,2,0,3,5,Meal Plan 1,0,Room_Type 4,5,2018,4,4,Online,0,0,0,126.75,0,Canceled
INN00450,2,0,1,1,Meal Plan 2,0,Room_Type 1,247,2018,6,6,Online,0,0,0,115,1,Canceled
INN00451,2,0,2,1,Not Selected,0,Room_Type 1,24,2018,10,16,Online,0,0,0,107.1,1,Canceled
INN00452,1,0,0,1,Meal Plan 1,0,Room_Type 1,53,2018,10,14,Offline,0,0,0,120,0,Not_Canceled
INN00453,2,0,2,1,Meal Plan 1,0,Room_Type 1,52,2018,11,19,Online,0,0,0,93.6,2,Not_Canceled
INN00454,2,0,0,1,Meal Plan 1,0,Room_Type 1,56,2018,6,8,Offline,0,0,0,120,0,Not_Canceled
INN00455,1,0,0,1,Meal Plan 1,0,Room_Type 1,12,2018,6,8,Offline,0,0,0,90,1,Not_Canceled
INN00456,2,0,0,5,Meal Plan 1,0,Room_Type 1,230,2018,9,6,Online,0,0,0,137,1,Canceled
INN00457,2,1,1,3,Meal Plan 1,0,Room_Type 1,92,2018,10,31,Online,0,0,0,106.43,1,Canceled
INN00458,1,0,0,3,Not Selected,0,Room_Type 1,2,2018,5,31,Online,0,0,0,87.78,0,Not_Canceled
INN00459,2,0,0,2,Meal Plan 2,0,Room_Type 1,74,2017,9,18,Offline,0,0,0,101.5,0,Not_Canceled
INN00460,2,0,0,1,Not Selected,0,Room_Type 1,82,2018,6,23,Online,0,0,0,85.5,0,Canceled
INN00461,1,0,0,3,Meal Plan 1,0,Room_Type 1,37,2018,10,13,Offline,0,0,0,95,0,Not_Canceled
INN00462,2,0,2,2,Meal Plan 1,0,Room_Type 4,147,2018,7,1,Online,0,0,0,103.7,2,Not_Canceled
INN00463,1,0,0,1,Meal Plan 1,0,Room_Type 1,2,2017,8,26,Corporate,0,0,0,65,0,Not_Canceled
INN00464,2,0,2,6,Meal Plan 1,0,Room_Type 1,166,2018,8,18,Online,0,0,0,100.12,0,Canceled
INN00465,2,0,1,3,Meal Plan 2,1,Room_Type 1,28,2018,4,11,Online,0,0,0,156.25,2,Not_Canceled
INN00466,2,0,1,2,Meal Plan 2,0,Room_Type 1,309,2018,5,13,Online,0,0,0,101,0,Canceled
INN00467,2,0,1,3,Meal Plan 2,1,Room_Type 1,54,2018,7,4,Online,0,0,0,161.1,0,Not_Canceled
INN00468,2,0,1,3,Not Selected,1,Room_Type 1,49,2018,12,8,Online,0,0,0,83.8,2,Not_Canceled
INN00469,2,1,0,1,Meal Plan 1,1,Room_Type 1,1,2018,6,18,Online,0,0,0,168,2,Not_Canceled
INN00470,2,0,2,1,Meal Plan 1,0,Room_Type 1,0,2017,12,27,Offline,0,0,0,58,0,Not_Canceled
INN00471,2,0,2,1,Meal Plan 2,0,Room_Type 1,4,2017,8,8,Offline,0,0,0,94.5,0,Not_Canceled
INN00472,2,0,0,4,Meal Plan 1,0,Room_Type 1,60,2017,12,9,Online,0,0,0,96.3,1,Not_Canceled
INN00473,2,0,0,1,Meal Plan 1,0,Room_Type 1,157,2017,8,14,Online,0,0,0,76.5,1,Not_Canceled
INN00474,2,0,2,3,Meal Plan 1,0,Room_Type 1,268,2018,4,8,Offline,0,0,0,78,0,Not_Canceled
INN00475,2,0,1,1,Not Selected,0,Room_Type 1,38,2018,9,26,Online,0,0,0,112.59,0,Canceled
INN00476,2,2,2,1,Meal Plan 1,0,Room_Type 7,30,2018,6,12,Online,0,0,0,187.04,0,Canceled
INN00477,2,0,0,1,Meal Plan 1,1,Room_Type 1,2,2018,10,11,Online,0,0,0,169,2,Not_Canceled
INN00478,2,0,3,7,Not Selected,0,Room_Type 1,217,2018,12,5,Online,0,0,0,46.63,1,Not_Canceled
INN00479,2,0,0,3,Meal Plan 1,0,Room_Type 1,143,2018,8,25,Offline,0,0,0,100,0,Not_Canceled
INN00480,2,0,0,3,Not Selected,0,Room_Type 1,179,2018,10,19,Online,0,0,0,85.5,2,Not_Canceled
INN00481,1,0,0,2,Meal Plan 1,0,Room_Type 1,188,2018,6,15,Online,0,0,0,130,0,Canceled
INN00482,3,0,2,2,Meal Plan 1,0,Room_Type 4,94,2018,7,8,Online,0,0,0,146.7,1,Not_Canceled
INN00483,1,0,0,2,Meal Plan 1,0,Room_Type 1,32,2017,11,20,Offline,0,0,0,73,0,Not_Canceled
INN00484,3,0,2,2,Meal Plan 1,0,Room_Type 6,2,2018,4,1,Online,0,0,0,143.22,2,Not_Canceled
INN00485,2,0,0,3,Meal Plan 1,0,Room_Type 1,70,2017,10,22,Online,0,0,0,89.25,1,Not_Canceled
INN00486,2,0,1,0,Not Selected,0,Room_Type 1,4,2018,9,19,Offline,0,0,0,85,0,Not_Canceled
INN00487,2,0,2,0,Meal Plan 1,0,Room_Type 1,34,2018,2,28,Complementary,0,0,0,6.5,1,Not_Canceled
INN00488,2,2,0,1,Meal Plan 1,0,Room_Type 2,16,2018,3,8,Online,0,0,0,83.03,0,Canceled
INN00489,2,0,1,3,Meal Plan 1,0,Room_Type 1,24,2018,2,11,Online,0,0,0,91,0,Canceled
INN00490,2,0,2,2,Not Selected,0,Room_Type 1,78,2018,4,10,Online,0,0,0,80.75,1,Not_Canceled
INN00491,2,0,1,2,Meal Plan 1,0,Room_Type 1,305,2018,11,4,Online,0,0,0,89,0,Canceled
INN00492,2,0,0,3,Meal Plan 1,0,Room_Type 1,37,2018,10,13,Offline,0,0,0,105,0,Not_Canceled
INN00493,2,0,2,5,Meal Plan 1,0,Room_Type 1,98,2018,4,30,Online,0,0,0,109.81,0,Not_Canceled
INN00494,2,0,1,3,Meal Plan 1,0,Room_Type 4,14,2018,12,5,Online,0,0,0,70.88,0,Not_Canceled
INN00495,1,0,0,2,Not Selected,0,Room_Type 1,44,2018,11,23,Online,0,0,0,83.6,2,Not_Canceled
INN00496,1,0,2,1,Meal Plan 1,0,Room_Type 1,1,2018,2,28,Online,0,0,0,60,0,Canceled
INN00497,2,0,0,3,Meal Plan 1,0,Room_Type 1,213,2018,6,7,Online,0,0,0,130,0,Canceled
INN00498,1,0,1,1,Meal Plan 1,0,Room_Type 1,5,2018,4,4,Online,0,0,0,95,1,Not_Canceled
INN00499,2,0,0,1,Meal Plan 2,0,Room_Type 1,55,2018,4,6,Offline,0,0,0,104,0,Not_Canceled
INN00500,2,0,0,3,Meal Plan 1,0,Room_Type 4,139,2018,2,11,Offline,0,0,0,62,1,Not_Canceled
INN00501,2,0,2,1,Meal Plan 1,0,Room_Type 2,44,2018,4,23,Offline,0,0,0,95,0,Not_Canceled
INN00502,1,0,2,1,Meal Plan 2,0,Room_Type 4,18,2018,2,28,Online,0,0,0,145,1,Not_Canceled
INN00503,1,0,1,0,Meal Plan 1,0,Room_Type 1,0,2018,10,17,Corporate,0,0,0,95,0,Not_Canceled
INN00504,1,0,0,2,Meal Plan 1,0,Room_Type 1,192,2018,6,24,Offline,0,0,0,95,0,Not_Canceled
INN00505,2,0,2,4,Meal Plan 1,0,Room_Type 1,152,2018,6,18,Offline,0,0,0,80.75,0,Not_Canceled
INN00506,3,0,0,4,Meal Plan 1,0,Room_Type 4,42,2018,8,30,Online,0,0,0,142.2,2,Not_Canceled
INN00507,3,0,2,3,Meal Plan 1,0,Room_Type 4,209,2018,10,21,Online,0,0,0,128.7,1,Canceled
INN00508,2,0,2,3,Meal Plan 1,0,Room_Type 1,69,2018,3,20,Online,0,0,0,90.95,1,Not_Canceled
INN00509,2,0,1,2,Meal Plan 1,0,Room_Type 1,80,2018,11,18,Online,0,0,0,93.6,2,Not_Canceled
INN00510,2,0,1,2,Meal Plan 1,0,Room_Type 4,49,2017,11,9,Offline,0,0,0,60,0,Not_Canceled
INN00511,1,0,0,3,Meal Plan 1,0,Room_Type 1,143,2018,8,25,Offline,0,0,0,90,0,Not_Canceled
INN00512,2,0,2,1,Not Selected,0,Room_Type 1,67,2017,12,5,Online,0,0,0,95.4,2,Not_Canceled
INN00513,2,0,0,2,Meal Plan 1,0,Room_Type 1,41,2018,10,21,Online,0,0,0,160,1,Canceled
INN00514,2,0,2,1,Meal Plan 1,0,Room_Type 4,154,2018,10,30,Online,0,0,0,104.1,2,Canceled
INN00515,2,0,0,1,Meal Plan 2,0,Room_Type 1,55,2018,4,6,Offline,0,0,0,104,0,Not_Canceled
INN00516,2,0,0,4,Meal Plan 1,0,Room_Type 1,2,2018,8,3,Offline,0,0,0,109,0,Not_Canceled
INN00517,2,0,2,4,Meal Plan 1,0,Room_Type 4,99,2018,4,10,Online,0,0,0,93.78,1,Canceled
INN00518,1,0,0,2,Meal Plan 1,0,Room_Type 1,14,2017,10,14,Corporate,0,0,0,95,0,Not_Canceled
INN00519,1,0,0,1,Not Selected,0,Room_Type 1,0,2018,10,15,Online,0,0,0,140,0,Not_Canceled
INN00520,2,0,1,3,Meal Plan 1,0,Room_Type 1,22,2017,12,24,Online,0,0,0,87,1,Not_Canceled
INN00521,1,0,2,1,Meal Plan 1,0,Room_Type 4,7,2018,3,5,Online,0,0,0,85.85,1,Not_Canceled
INN00522,2,0,1,3,Meal Plan 1,0,Room_Type 4,84,2018,3,24,Online,0,0,0,99.45,0,Not_Canceled
INN00523,2,0,0,4,Meal Plan 1,0,Room_Type 4,109,2018,5,4,Online,0,0,0,120.28,1,Not_Canceled
INN00524,1,0,0,3,Meal Plan 1,0,Room_Type 1,71,2018,6,14,Offline,0,0,0,120,0,Not_Canceled
INN00525,2,0,2,0,Meal Plan 1,0,Room_Type 1,4,2018,4,3,Online,0,0,0,77.77,1,Not_Canceled
INN00526,1,0,0,3,Meal Plan 1,0,Room_Type 1,71,2018,6,14,Offline,0,0,0,120,0,Not_Canceled
INN00527,2,0,0,1,Not Selected,0,Room_Type 1,58,2018,6,10,Online,0,0,0,116.1,1,Not_Canceled
INN00528,3,0,0,1,Meal Plan 2,0,Room_Type 4,133,2018,7,23,Online,0,0,0,189,0,Canceled
INN00529,2,0,2,1,Meal Plan 1,0,Room_Type 4,27,2018,6,26,Online,0,0,0,152.67,0,Canceled
INN00530,2,0,2,3,Meal Plan 1,0,Room_Type 1,27,2018,2,4,Online,0,0,0,66.31,1,Not_Canceled
INN00531,1,0,0,1,Meal Plan 1,0,Room_Type 1,9,2017,9,10,Online,0,0,0,95,2,Not_Canceled
INN00532,2,1,0,3,Meal Plan 1,0,Room_Type 1,86,2018,12,8,Online,0,0,0,122,0,Canceled
INN00533,2,0,0,3,Meal Plan 1,0,Room_Type 1,13,2017,12,17,Offline,0,0,0,58,0,Not_Canceled
INN00534,2,0,1,3,Meal Plan 1,0,Room_Type 1,0,2018,12,5,Online,0,0,0,89.89,1,Not_Canceled
INN00535,2,0,0,2,Meal Plan 1,0,Room_Type 4,5,2018,6,21,Online,0,0,0,156,1,Not_Canceled
INN00536,2,0,1,3,Meal Plan 1,0,Room_Type 4,82,2018,3,24,Online,0,0,0,99.45,0,Not_Canceled
INN00537,2,1,0,2,Meal Plan 1,0,Room_Type 6,330,2018,8,31,Online,0,0,0,172.8,0,Canceled
INN00538,2,0,1,3,Not Selected,0,Room_Type 1,3,2018,8,22,Online,0,0,0,98.56,1,Not_Canceled
INN00539,1,0,0,1,Meal Plan 1,0,Room_Type 1,35,2018,3,10,Online,0,0,0,71.1,0,Canceled
INN00540,1,0,6,15,Meal Plan 1,0,Room_Type 4,12,2018,3,30,Online,0,0,0,128.06,0,Canceled
INN00541,1,0,0,1,Meal Plan 1,0,Room_Type 1,0,2018,11,19,Complementary,0,0,0,0,0,Not_Canceled
INN00542,2,1,0,1,Meal Plan 1,0,Room_Type 1,7,2018,4,7,Online,0,0,0,106,1,Not_Canceled
INN00543,2,0,0,4,Meal Plan 1,0,Room_Type 4,47,2018,9,27,Online,0,0,0,130.61,1,Canceled
INN00544,2,0,2,3,Not Selected,0,Room_Type 1,117,2018,6,17,Online,0,0,0,105.74,1,Not_Canceled
INN00545,2,0,0,2,Meal Plan 1,0,Room_Type 4,2,2018,6,10,Online,0,0,0,136,1,Not_Canceled
INN00546,2,0,0,1,Meal Plan 1,0,Room_Type 1,26,2018,6,8,Offline,0,0,0,120,0,Not_Canceled
INN00547,2,0,2,2,Not Selected,0,Room_Type 1,75,2018,12,2,Online,0,0,0,74.8,1,Not_Canceled
INN00548,2,0,0,2,Meal Plan 2,0,Room_Type 1,256,2018,6,15,Online,0,0,0,112,1,Canceled
INN00549,2,1,1,0,Meal Plan 1,0,Room_Type 1,137,2018,8,21,Online,0,0,0,121.5,2,Not_Canceled
INN00550,2,0,0,4,Meal Plan 1,0,Room_Type 1,92,2017,10,7,Offline,0,0,0,70,0,Not_Canceled
INN00551,1,0,0,1,Meal Plan 1,0,Room_Type 1,1,2018,11,29,Offline,0,0,0,75,0,Not_Canceled
INN00552,2,0,0,1,Meal Plan 1,0,Room_Type 1,18,2018,1,2,Offline,0,0,0,54,0,Not_Canceled
INN00553,2,0,1,2,Meal Plan 1,0,Room_Type 1,78,2018,3,25,Online,0,0,0,100,0,Canceled
INN00554,1,0,0,1,Meal Plan 1,0,Room_Type 4,8,2018,4,23,Complementary,0,0,0,0,2,Not_Canceled
INN00555,1,2,4,9,Meal Plan 1,0,Room_Type 6,30,2018,11,2,Online,0,0,0,186.22,0,Canceled
INN00556,2,0,2,0,Not Selected,0,Room_Type 1,117,2018,11,13,Online,0,0,0,79.2,0,Not_Canceled
INN00557,2,0,1,1,Meal Plan 1,0,Room_Type 1,10,2018,3,19,Online,0,0,0,103,0,Not_Canceled
INN00558,2,0,2,2,Meal Plan 1,0,Room_Type 1,56,2017,9,25,Offline,0,0,0,185,0,Not_Canceled
INN00559,2,0,0,2,Meal Plan 1,0,Room_Type 1,8,2017,10,20,Online,0,0,0,135,1,Not_Canceled
INN00560,2,0,2,0,Meal Plan 2,0,Room_Type 1,386,2018,10,23,Online,0,0,0,115,1,Canceled
INN00561,2,0,0,2,Meal Plan 2,0,Room_Type 1,273,2017,7,17,Online,0,0,0,109,0,Canceled
INN00562,2,0,0,1,Meal Plan 1,0,Room_Type 1,33,2018,11,26,Online,0,0,0,104,1,Canceled
INN00563,3,0,2,5,Meal Plan 1,0,Room_Type 4,184,2018,8,3,Online,0,0,0,130.05,3,Not_Canceled
INN00564,2,0,1,3,Meal Plan 1,0,Room_Type 1,232,2018,9,5,Online,0,0,0,100.3,0,Canceled
INN00565,1,0,0,2,Meal Plan 1,0,Room_Type 1,188,2018,6,15,Online,0,0,0,130,0,Canceled
INN00566,2,0,0,2,Meal Plan 2,0,Room_Type 1,102,2017,10,16,Offline,0,0,0,109,0,Not_Canceled
INN00567,2,0,2,2,Meal Plan 1,0,Room_Type 4,45,2018,10,7,Online,0,0,0,139.5,1,Canceled
INN00568,1,0,0,1,Meal Plan 1,0,Room_Type 1,1,2018,2,3,Corporate,0,0,0,66,1,Not_Canceled
INN00569,2,0,2,2,Meal Plan 1,0,Room_Type 1,63,2018,9,3,Online,0,0,0,106.88,2,Not_Canceled
INN00570,2,0,2,2,Meal Plan 1,0,Room_Type 4,89,2018,9,16,Online,0,0,0,149.4,1,Not_Canceled
INN00571,1,0,0,2,Meal Plan 1,0,Room_Type 1,63,2018,4,26,Online,0,0,0,109.35,2,Not_Canceled
INN00572,2,0,0,3,Meal Plan 1,0,Room_Type 1,304,2018,11,3,Online,0,0,0,89,0,Canceled
INN00573,1,0,2,1,Meal Plan 1,0,Room_Type 1,1,2018,4,9,Online,0,0,0,115,1,Not_Canceled
INN00574,1,0,0,1,Meal Plan 1,0,Room_Type 1,51,2018,3,16,Corporate,0,0,0,85.5,0,Not_Canceled
INN00575,2,0,0,2,Meal Plan 1,0,Room_Type 4,110,2018,4,20,Online,0,0,0,90.95,0,Not_Canceled
INN00576,2,0,2,1,Meal Plan 1,0,Room_Type 4,20,2018,7,30,Online,0,0,0,117.55,1,Not_Canceled
INN00577,2,0,0,1,Not Selected,0,Room_Type 1,50,2018,10,19,Online,0,0,0,108,1,Canceled
INN00578,2,0,0,3,Meal Plan 1,0,Room_Type 4,48,2018,10,11,Online,0,0,0,139.5,1,Not_Canceled
INN00579,2,0,0,3,Meal Plan 1,0,Room_Type 5,96,2018,9,13,Online,0,0,0,129.88,0,Canceled
INN00580,2,0,1,4,Meal Plan 1,0,Room_Type 1,148,2017,12,30,Offline,0,0,0,67,0,Not_Canceled
INN00581,2,0,1,1,Not Selected,0,Room_Type 1,25,2018,10,3,Online,0,0,0,129,1,Canceled
INN00582,2,0,2,5,Meal Plan 1,0,Room_Type 1,148,2018,6,25,Online,0,0,0,79.53,0,Canceled
INN00583,2,0,1,3,Meal Plan 1,0,Room_Type 1,114,2018,8,22,Offline,0,0,0,72.25,0,Not_Canceled
INN00584,1,0,0,2,Meal Plan 2,0,Room_Type 1,257,2017,7,1,Offline,0,0,0,80,0,Not_Canceled
INN00585,2,0,2,5,Meal Plan 1,0,Room_Type 1,105,2018,6,11,Online,0,0,0,119.85,2,Not_Canceled
INN00586,1,0,1,2,Meal Plan 1,0,Room_Type 1,4,2017,11,2,Online,0,0,0,117,0,Not_Canceled
INN00587,2,0,2,2,Meal Plan 2,0,Room_Type 4,67,2017,9,6,Complementary,0,0,0,29,1,Not_Canceled
INN00588,2,0,2,2,Meal Plan 1,1,Room_Type 1,61,2018,9,2,Online,0,0,0,118.8,1,Not_Canceled
INN00589,2,0,0,2,Meal Plan 1,0,Room_Type 1,79,2018,12,30,Offline,0,0,0,192.03,1,Not_Canceled
INN00590,3,0,0,1,Meal Plan 1,0,Room_Type 1,74,2018,5,21,Online,0,0,0,168.3,2,Not_Canceled
INN00591,2,0,0,1,Not Selected,0,Room_Type 1,120,2018,5,12,Online,0,0,0,72.76,0,Not_Canceled
INN00592,2,0,0,3,Meal Plan 1,0,Room_Type 1,157,2018,12,8,Offline,0,0,0,68,0,Not_Canceled
INN00593,2,0,0,4,Meal Plan 1,0,Room_Type 1,4,2018,1,6,Online,0,0,0,89,0,Not_Canceled
INN00594,2,0,2,5,Meal Plan 1,0,Room_Type 4,46,2018,8,28,Online,0,0,0,124.46,0,Not_Canceled
INN00595,1,0,2,1,Meal Plan 1,0,Room_Type 1,41,2018,3,13,Corporate,0,0,0,70.33,0,Not_Canceled
INN00596,3,0,1,4,Meal Plan 1,0,Room_Type 4,84,2018,6,15,Online,0,0,0,170.1,2,Not_Canceled
INN00597,2,0,0,2,Meal Plan 1,0,Room_Type 1,245,2018,6,17,Online,0,0,0,75,0,Canceled
INN00598,2,0,0,3,Meal Plan 1,0,Room_Type 4,27,2018,6,29,Online,0,0,0,125.25,1,Not_Canceled
INN00599,2,0,3,7,Meal Plan 1,0,Room_Type 1,74,2017,7,27,Online,0,0,0,55.9,0,Not_Canceled
INN00600,2,0,1,2,Meal Plan 1,0,Room_Type 1,85,2018,6,20,Online,0,0,0,126.9,0,Canceled
INN00601,2,0,0,2,Not Selected,0,Room_Type 1,6,2018,2,26,Online,0,0,0,79,0,Canceled
INN00602,2,0,2,3,Meal Plan 1,0,Room_Type 1,256,2018,10,23,Online,0,0,0,94.35,2,Canceled
INN00603,2,0,0,2,Meal Plan 2,0,Room_Type 1,265,2018,6,24,Online,0,0,0,109,0,Canceled
INN00604,2,0,2,3,Meal Plan 1,0,Room_Type 4,64,2018,4,15,Online,0,0,0,112.2,0,Not_Canceled
INN00605,1,0,0,1,Meal Plan 1,0,Room_Type 1,0,2017,10,1,Corporate,0,0,0,109,1,Not_Canceled
INN00606,1,0,0,2,Meal Plan 1,0,Room_Type 1,91,2018,9,14,Corporate,1,1,2,65,0,Not_Canceled
INN00607,2,0,1,3,Meal Plan 1,0,Room_Type 1,127,2018,4,28,Offline,0,0,0,90,0,Not_Canceled
INN00608,2,0,0,3,Meal Plan 1,0,Room_Type 1,73,2018,7,14,Offline,0,0,0,85,0,Not_Canceled
INN00609,2,0,0,4,Meal Plan 1,0,Room_Type 1,36,2018,12,28,Online,0,0,0,168.73,0,Not_Canceled
INN00610,2,0,1,3,Meal Plan 1,0,Room_Type 1,17,2018,12,8,Online,0,0,0,100.38,0,Not_Canceled
INN00611,2,0,2,5,Meal Plan 1,0,Room_Type 1,164,2018,7,27,Online,0,0,0,99.45,0,Canceled
INN00612,2,0,0,1,Meal Plan 1,0,Room_Type 1,0,2018,9,27,Corporate,0,0,0,160,0,Not_Canceled
INN00613,2,0,2,1,Meal Plan 1,0,Room_Type 1,37,2018,10,2,Online,0,0,0,126,1,Not_Canceled
INN00614,3,0,1,2,Meal Plan 1,0,Room_Type 1,191,2018,8,1,Offline,0,0,0,96.9,0,Not_Canceled
INN00615,2,2,2,4,Meal Plan 1,0,Room_Type 2,33,2017,10,17,Online,0,0,0,95,2,Not_Canceled
INN00616,2,0,2,1,Meal Plan 1,0,Room_Type 1,32,2017,9,5,Online,0,0,0,94.5,3,Not_Canceled
INN00617,1,0,1,1,Meal Plan 1,0,Room_Type 1,3,2017,9,7,Offline,0,0,0,98.8,0,Not_Canceled
INN00618,2,0,2,1,Not Selected,0,Room_Type 1,53,2018,7,10,Online,0,0,0,100.5,1,Not_Canceled
INN00619,2,0,1,0,Meal Plan 2,0,Room_Type 7,8,2018,6,19,Complementary,1,0,1,0,1,Not_Canceled
INN00620,2,0,2,1,Meal Plan 1,0,Room_Type 1,107,2018,5,29,Online,0,0,0,80.75,1,Canceled
INN00621,2,0,0,1,Meal Plan 2,0,Room_Type 1,55,2018,4,6,Offline,0,0,0,104,0,Not_Canceled
INN00622,2,0,1,2,Meal Plan 1,0,Room_Type 1,84,2018,4,29,Offline,0,0,0,89.75,0,Not_Canceled
INN00623,2,2,0,2,Meal Plan 1,0,Room_Type 6,0,2017,8,25,Online,0,0,0,156,1,Not_Canceled
INN00624,2,0,1,1,Meal Plan 1,0,Room_Type 4,1,2018,6,11,Online,0,0,0,136,2,Not_Canceled
INN00625,2,0,0,2,Meal Plan 1,0,Room_Type 1,29,2018,12,2,Corporate,0,0,0,85,1,Not_Canceled
INN00626,2,0,0,4,Meal Plan 1,0,Room_Type 4,41,2017,10,14,Online,0,0,0,87.54,1,Not_Canceled
INN00627,2,0,0,2,Meal Plan 1,0,Room_Type 1,86,2017,9,9,Corporate,0,0,0,100,0,Not_Canceled
INN00628,2,0,2,2,Meal Plan 1,0,Room_Type 1,167,2018,10,1,Online,0,0,0,108.9,1,Canceled
INN00629,2,0,0,3,Not Selected,0,Room_Type 1,34,2018,6,14,Online,0,0,0,107.1,1,Not_Canceled
INN00630,2,0,1,2,Meal Plan 1,0,Room_Type 1,101,2018,4,4,Online,0,0,0,80,0,Canceled
INN00631,2,0,0,3,Meal Plan 1,0,Room_Type 1,259,2018,5,5,Online,0,0,0,90,0,Canceled
INN00632,2,0,0,2,Meal Plan 1,0,Room_Type 1,122,2018,5,12,Online,0,0,0,105.3,1,Not_Canceled
INN00633,2,0,0,1,Not Selected,0,Room_Type 1,1,2018,2,11,Online,0,0,0,80,2,Not_Canceled
INN00634,2,0,0,2,Meal Plan 1,1,Room_Type 4,107,2018,8,25,Online,0,0,0,142.2,0,Not_Canceled
INN00635,2,0,0,3,Meal Plan 1,0,Room_Type 4,35,2018,4,5,Online,0,0,0,131.4,1,Not_Canceled
INN00636,1,0,0,2,Meal Plan 1,0,Room_Type 1,192,2018,6,24,Offline,0,0,0,95,0,Not_Canceled
INN00637,2,0,0,2,Meal Plan 1,0,Room_Type 1,4,2018,4,1,Online,0,0,0,111,0,Canceled
INN00638,2,0,1,3,Meal Plan 1,0,Room_Type 1,85,2018,10,6,Offline,0,0,0,85,1,Not_Canceled
INN00639,3,0,0,4,Meal Plan 1,0,Room_Type 4,137,2018,8,24,Online,0,0,0,130.95,0,Canceled
INN00640,2,0,0,2,Meal Plan 2,0,Room_Type 1,74,2017,9,18,Offline,0,0,0,101.5,0,Not_Canceled
INN00641,1,0,2,1,Meal Plan 1,0,Room_Type 1,116,2018,2,28,Offline,0,0,0,82,0,Not_Canceled
INN00642,2,0,2,2,Meal Plan 1,1,Room_Type 1,34,2017,9,13,Online,0,0,0,94.5,2,Not_Canceled
INN00643,2,0,2,1,Meal Plan 1,0,Room_Type 1,56,2018,8,28,Online,0,0,0,109.8,0,Canceled
INN00644,2,0,2,4,Meal Plan 1,0,Room_Type 1,149,2018,7,10,Online,0,0,0,72.25,0,Canceled
INN00645,2,0,2,2,Not Selected,0,Room_Type 1,12,2018,2,6,Online,0,0,0,55.72,0,Not_Canceled
INN00646,3,0,1,1,Meal Plan 1,0,Room_Type 4,52,2018,10,17,Online,0,0,0,158.4,1,Canceled
INN00647,2,0,1,4,Meal Plan 1,0,Room_Type 4,191,2018,3,30,Offline,0,0,0,69,0,Not_Canceled
INN00648,2,0,0,3,Meal Plan 1,0,Room_Type 1,37,2018,10,13,Offline,0,0,0,105,0,Not_Canceled
INN00649,2,0,0,3,Meal Plan 1,0,Room_Type 4,57,2018,12,29,Online,0,0,0,219.6,0,Canceled
INN00650,1,0,2,3,Meal Plan 1,0,Room_Type 1,9,2018,1,8,Offline,0,0,0,44.8,0,Not_Canceled
INN00651,2,0,0,1,Not Selected,0,Room_Type 1,7,2018,10,26,Online,0,0,0,120,0,Not_Canceled
INN00652,2,0,1,2,Meal Plan 1,0,Room_Type 1,78,2018,3,25,Online,0,0,0,100,0,Canceled
INN00653,2,0,0,1,Not Selected,0,Room_Type 1,0,2018,6,7,Online,0,0,0,109,0,Not_Canceled
INN00654,0,2,1,2,Meal Plan 1,0,Room_Type 2,78,2018,8,19,Online,0,0,0,115.68,1,Not_Canceled
INN00655,2,0,1,2,Meal Plan 1,0,Room_Type 1,31,2018,9,16,Offline,0,0,0,75,0,Not_Canceled
INN00656,2,0,0,2,Meal Plan 2,0,Room_Type 5,37,2018,6,17,Offline,0,0,0,134.1,1,Not_Canceled
INN00657,2,0,2,1,Meal Plan 1,0,Room_Type 4,8,2018,5,29,Online,0,0,0,124.1,1,Not_Canceled
INN00658,4,0,0,2,Meal Plan 1,0,Room_Type 7,32,2018,8,17,Online,0,0,0,214.75,1,Not_Canceled
INN00659,2,0,1,2,Meal Plan 1,0,Room_Type 1,48,2018,10,31,Offline,0,0,0,75,0,Not_Canceled
INN00660,2,0,1,2,Meal Plan 1,0,Room_Type 1,89,2017,11,23,Online,0,0,0,72.25,2,Not_Canceled
INN00661,1,0,1,0,Meal Plan 1,0,Room_Type 1,0,2018,3,7,Corporate,0,0,0,80,0,Not_Canceled
INN00662,2,0,0,1,Meal Plan 1,0,Room_Type 1,15,2018,9,20,Online,0,0,0,139,1,Not_Canceled
INN00663,1,0,0,1,Meal Plan 1,0,Room_Type 1,10,2018,1,28,Corporate,0,0,0,66,0,Not_Canceled
INN00664,1,0,0,3,Meal Plan 1,0,Room_Type 1,43,2018,5,31,Online,0,0,0,115.5,0,Not_Canceled
INN00665,2,1,1,1,Meal Plan 1,1,Room_Type 1,27,2018,8,8,Online,0,0,0,195.5,2,Not_Canceled
INN00666,2,0,2,0,Meal Plan 2,0,Room_Type 1,386,2018,10,23,Online,0,0,0,115,1,Canceled
INN00667,1,0,0,1,Meal Plan 2,0,Room_Type 1,72,2017,9,18,Offline,0,0,0,84,0,Not_Canceled
INN00668,2,0,2,1,Not Selected,0,Room_Type 1,10,2018,10,16,Online,0,0,0,107.8,3,Not_Canceled
INN00669,2,0,0,3,Meal Plan 1,0,Room_Type 1,37,2018,10,13,Offline,0,0,0,105,0,Not_Canceled
INN00670,2,0,2,3,Meal Plan 1,0,Room_Type 1,170,2018,4,8,Offline,0,0,0,78,0,Not_Canceled
INN00671,1,0,0,2,Meal Plan 2,0,Room_Type 1,265,2018,6,24,Offline,0,0,0,90,0,Not_Canceled
INN00672,2,0,1,1,Not Selected,0,Room_Type 1,49,2018,7,9,Online,0,0,0,105.3,0,Canceled
INN00673,2,0,0,3,Meal Plan 1,0,Room_Type 1,51,2018,2,25,Online,0,0,0,80.3,1,Not_Canceled
INN00674,1,0,1,0,Meal Plan 2,0,Room_Type 1,3,2018,2,8,Online,0,0,0,129,1,Not_Canceled
INN00675,2,0,0,2,Meal Plan 2,0,Room_Type 1,265,2018,6,24,Online,0,0,0,115,1,Canceled
INN00676,2,0,2,0,Not Selected,0,Room_Type 1,34,2018,9,11,Online,0,0,0,125.1,2,Not_Canceled
INN00677,2,0,0,1,Meal Plan 1,0,Room_Type 1,1,2018,2,27,Online,0,0,0,103,1,Not_Canceled
INN00678,2,0,2,0,Not Selected,1,Room_Type 1,77,2018,5,1,Online,0,0,0,125.1,0,Not_Canceled
INN00679,1,0,2,5,Not Selected,0,Room_Type 1,60,2018,6,17,Online,0,0,0,96.17,1,Canceled
INN00680,2,0,2,2,Meal Plan 1,0,Room_Type 1,56,2017,9,25,Offline,0,0,0,185,0,Not_Canceled
INN00681,2,0,2,0,Not Selected,0,Room_Type 1,0,2018,6,12,Online,0,0,0,69.74,0,Not_Canceled
INN00682,2,2,2,3,Meal Plan 1,0,Room_Type 6,136,2018,7,9,Online,0,0,0,172.55,0,Canceled
INN00683,1,0,0,3,Meal Plan 1,1,Room_Type 1,4,2018,1,28,Online,0,0,0,95,1,Not_Canceled
INN00684,2,1,1,2,Meal Plan 2,0,Room_Type 1,68,2018,9,9,Online,0,0,0,166.35,2,Not_Canceled
INN00685,2,0,0,1,Not Selected,1,Room_Type 1,1,2018,11,18,Online,0,0,0,108,1,Not_Canceled
INN00686,2,0,1,3,Meal Plan 1,0,Room_Type 4,61,2018,3,21,Online,0,0,0,102,0,Not_Canceled
INN00687,2,0,1,2,Meal Plan 1,0,Room_Type 7,40,2018,5,13,Online,0,0,0,203.73,2,Not_Canceled
INN00688,2,0,2,5,Not Selected,0,Room_Type 1,6,2018,11,17,Online,0,0,0,78.69,0,Canceled
INN00689,2,0,0,3,Not Selected,0,Room_Type 1,58,2018,11,3,Online,0,0,0,79.2,0,Canceled
INN00690,1,0,0,2,Meal Plan 1,0,Room_Type 1,35,2018,3,16,Online,0,0,0,76.5,1,Not_Canceled
INN00691,2,0,0,2,Meal Plan 1,0,Room_Type 1,177,2018,6,3,Online,0,0,0,100,0,Canceled
INN00692,2,0,0,4,Meal Plan 1,0,Room_Type 1,13,2018,12,14,Online,0,0,0,88.4,1,Not_Canceled
INN00693,1,0,2,4,Meal Plan 1,0,Room_Type 1,245,2018,7,6,Online,0,0,0,110,0,Canceled
INN00694,2,0,1,2,Meal Plan 1,0,Room_Type 4,189,2018,10,28,Online,0,0,0,109.8,0,Canceled
INN00695,2,0,2,1,Meal Plan 1,0,Room_Type 1,271,2018,12,3,Offline,0,0,0,78.3,0,Not_Canceled
INN00696,2,0,0,2,Meal Plan 2,0,Room_Type 1,257,2017,7,1,Online,0,0,0,101.5,0,Canceled
INN00697,2,0,2,4,Not Selected,0,Room_Type 1,207,2018,7,28,Online,0,0,0,80.75,1,Not_Canceled
INN00698,2,0,2,2,Meal Plan 1,0,Room_Type 1,108,2018,12,25,Online,0,0,0,104,2,Not_Canceled
INN00699,2,0,0,3,Not Selected,0,Room_Type 1,39,2018,3,15,Online,0,0,0,51.19,0,Not_Canceled
INN00700,2,1,0,1,Meal Plan 1,0,Room_Type 1,11,2018,11,5,Online,0,0,0,150,1,Canceled
INN00701,2,0,1,2,Meal Plan 1,0,Room_Type 4,177,2018,8,12,Online,0,0,0,127.8,1,Canceled
INN00702,2,0,0,1,Not Selected,0,Room_Type 4,15,2017,9,17,Online,0,0,0,115,3,Not_Canceled
INN00703,2,0,0,1,Meal Plan 1,0,Room_Type 4,10,2018,5,5,Online,0,0,0,156,1,Not_Canceled
INN00704,3,0,2,2,Meal Plan 1,0,Room_Type 4,60,2018,12,23,Online,0,0,0,130.9,0,Canceled
INN00705,2,0,0,3,Not Selected,0,Room_Type 1,21,2018,10,4,Online,0,0,0,116.1,0,Canceled
INN00706,2,0,2,0,Not Selected,0,Room_Type 1,24,2018,9,11,Online,0,0,0,71.69,1,Not_Canceled
INN00707,1,1,2,3,Meal Plan 2,0,Room_Type 1,76,2018,4,24,Offline,0,0,0,98.5,1,Not_Canceled
INN00708,2,0,0,3,Not Selected,0,Room_Type 1,146,2018,7,13,Online,0,0,0,94.5,1,Not_Canceled
INN00709,1,0,0,2,Meal Plan 1,0,Room_Type 1,188,2018,6,15,Online,0,0,0,130,0,Canceled
INN00710,2,0,2,1,Meal Plan 1,0,Room_Type 1,114,2017,7,11,Online,0,0,0,76.5,0,Canceled
INN00711,2,0,0,4,Meal Plan 1,0,Room_Type 1,256,2018,8,31,Online,0,0,0,90.95,0,Canceled
INN00712,2,0,1,3,Meal Plan 1,0,Room_Type 1,210,2017,10,8,Offline,0,0,0,72.75,0,Not_Canceled
INN00713,2,0,0,1,Meal Plan 1,0,Room_Type 1,16,2018,11,16,Online,0,0,0,93,0,Not_Canceled
INN00714,2,0,0,2,Meal Plan 1,0,Room_Type 4,64,2018,9,16,Online,0,0,0,168.3,1,Not_Canceled
INN00715,2,0,0,3,Meal Plan 1,0,Room_Type 1,105,2018,10,12,Offline,0,0,0,75,0,Not_Canceled
INN00716,2,0,1,0,Meal Plan 1,0,Room_Type 1,0,2017,8,9,Online,0,0,0,105,0,Not_Canceled
INN00717,2,0,2,0,Not Selected,1,Room_Type 1,37,2018,2,14,Online,0,0,0,78.5,1,Not_Canceled
INN00718,2,0,2,5,Meal Plan 1,0,Room_Type 1,54,2018,7,2,Online,0,0,0,119.7,0,Canceled
INN00719,3,0,0,3,Meal Plan 1,0,Room_Type 4,81,2018,9,7,Online,0,0,0,168.3,0,Canceled
INN00720,3,0,0,1,Meal Plan 1,0,Room_Type 4,2,2018,5,27,Online,0,0,0,197,1,Not_Canceled
INN00721,2,0,2,0,Meal Plan 1,0,Room_Type 1,61,2017,10,4,Offline,0,0,0,91,0,Not_Canceled
INN00722,2,0,2,3,Meal Plan 1,0,Room_Type 1,11,2018,2,13,Offline,0,0,0,85,0,Not_Canceled
INN00723,2,0,2,2,Not Selected,0,Room_Type 1,4,2018,2,5,Online,0,0,0,81,0,Canceled
INN00724,2,0,0,2,Meal Plan 2,0,Room_Type 1,63,2017,9,4,Offline,0,0,0,116,0,Not_Canceled
INN00725,2,0,0,2,Meal Plan 2,0,Room_Type 1,320,2018,8,18,Online,0,0,0,115,1,Canceled
INN00726,2,1,1,3,Meal Plan 1,0,Room_Type 4,3,2018,2,15,Online,0,0,0,106,2,Not_Canceled
INN00727,2,0,2,1,Meal Plan 1,0,Room_Type 4,62,2018,4,16,Online,0,0,0,118.8,0,Canceled
INN00728,2,0,0,3,Meal Plan 1,0,Room_Type 4,91,2018,10,20,Online,0,0,0,132.3,2,Canceled
INN00729,2,0,1,0,Meal Plan 1,1,Room_Type 4,123,2018,8,21,Online,0,0,0,146.7,0,Not_Canceled
INN00730,2,0,0,3,Meal Plan 1,0,Room_Type 4,13,2018,3,2,Online,0,0,0,86.8,1,Not_Canceled
INN00731,2,0,0,4,Meal Plan 2,0,Room_Type 1,152,2018,11,1,Offline,0,0,0,98,0,Not_Canceled
INN00732,2,0,1,1,Meal Plan 1,0,Room_Type 1,180,2018,5,2,Offline,0,0,0,100,1,Not_Canceled
INN00733,2,2,4,10,Meal Plan 1,0,Room_Type 6,222,2018,8,14,Online,0,0,0,158.95,0,Canceled
INN00734,2,0,2,2,Meal Plan 1,0,Room_Type 4,47,2018,9,18,Online,0,0,0,119.52,0,Not_Canceled
INN00735,2,0,0,3,Meal Plan 2,0,Room_Type 1,88,2018,5,3,Offline,0,0,0,117,1,Not_Canceled
INN00736,2,0,0,3,Meal Plan 1,0,Room_Type 4,26,2018,4,27,Online,0,0,0,140.67,0,Canceled
INN00737,2,0,2,3,Meal Plan 1,0,Room_Type 1,17,2017,10,15,Online,0,0,0,94.95,1,Not_Canceled
INN00738,2,0,2,5,Not Selected,0,Room_Type 1,104,2018,5,11,Online,0,0,0,109.65,0,Canceled
INN00739,2,0,1,2,Not Selected,0,Room_Type 1,7,2018,12,30,Online,0,0,0,120,0,Not_Canceled
INN00740,2,0,1,2,Meal Plan 1,0,Room_Type 1,128,2018,3,18,Online,0,0,0,67.22,0,Not_Canceled
INN00741,1,0,0,3,Meal Plan 1,0,Room_Type 2,11,2018,3,16,Offline,0,0,0,62,0,Not_Canceled
INN00742,2,0,0,1,Not Selected,0,Room_Type 1,6,2018,3,4,Online,0,0,0,91,0,Not_Canceled
INN00743,2,0,2,4,Meal Plan 1,0,Room_Type 1,23,2018,3,17,Offline,0,0,0,68,0,Not_Canceled
INN00744,2,0,0,3,Meal Plan 1,0,Room_Type 1,304,2018,11,3,Online,0,0,0,89,0,Canceled
INN00745,2,0,2,1,Meal Plan 2,0,Room_Type 1,4,2017,8,8,Offline,0,0,0,94.5,0,Not_Canceled
INN00746,3,0,1,2,Meal Plan 1,0,Room_Type 4,25,2018,8,15,Online,0,0,0,187,1,Canceled
INN00747,3,0,0,4,Meal Plan 2,0,Room_Type 1,65,2018,12,21,Offline,0,0,0,122.65,0,Not_Canceled
INN00748,1,0,0,1,Meal Plan 1,0,Room_Type 1,21,2018,2,25,Corporate,0,0,0,68,1,Not_Canceled
INN00749,3,0,1,1,Meal Plan 1,0,Room_Type 4,45,2018,3,19,Online,0,0,0,131.4,1,Canceled
INN00750,2,0,2,3,Meal Plan 2,0,Room_Type 1,25,2018,4,15,Online,0,0,0,149.4,0,Canceled
INN00751,1,0,0,2,Meal Plan 1,0,Room_Type 1,5,2018,5,24,Corporate,0,0,0,100,0,Not_Canceled
INN00752,2,0,1,1,Meal Plan 2,0,Room_Type 1,247,2018,6,6,Online,0,0,0,115,1,Canceled
INN00753,2,0,0,3,Meal Plan 1,0,Room_Type 1,6,2018,10,20,Online,0,0,0,160,2,Not_Canceled
INN00754,2,1,2,1,Meal Plan 1,0,Room_Type 1,25,2018,4,16,Online,0,0,0,127.67,2,Not_Canceled
INN00755,2,0,0,3,Not Selected,0,Room_Type 1,52,2018,12,7,Online,0,0,0,79.2,2,Not_Canceled
INN00756,2,0,0,2,Meal Plan 1,0,Room_Type 1,18,2017,12,1,Online,0,0,0,69,2,Not_Canceled
INN00757,2,0,0,4,Meal Plan 2,0,Room_Type 1,296,2018,9,21,Online,0,0,0,117,1,Canceled
INN00758,2,0,1,1,Meal Plan 1,0,Room_Type 1,174,2017,10,10,Online,0,0,0,70,0,Canceled
INN00759,3,0,0,3,Meal Plan 1,0,Room_Type 4,31,2018,3,8,Online,0,0,0,114.3,2,Not_Canceled
INN00760,1,0,0,3,Meal Plan 1,0,Room_Type 1,166,2018,11,1,Online,0,0,0,110,0,Canceled
INN00761,1,2,0,3,Meal Plan 1,0,Room_Type 6,30,2018,9,1,Online,0,0,0,181.8,1,Not_Canceled
INN00762,2,0,2,2,Not Selected,0,Room_Type 1,68,2018,4,1,Online,0,0,0,75.65,1,Canceled
INN00763,2,0,2,3,Meal Plan 1,0,Room_Type 1,194,2018,4,17,Online,0,0,0,77.23,2,Not_Canceled
INN00764,2,0,2,1,Meal Plan 1,0,Room_Type 1,145,2018,1,3,Offline,0,0,0,65,0,Not_Canceled
INN00765,2,0,0,2,Meal Plan 2,0,Room_Type 1,292,2018,7,21,Online,0,0,0,115,0,Canceled
INN00766,2,0,1,1,Meal Plan 1,0,Room_Type 4,0,2017,9,7,Online,0,0,0,118.8,0,Canceled
INN00767,2,0,0,4,Meal Plan 1,0,Room_Type 4,24,2018,5,31,Online,0,0,0,127.48,1,Not_Canceled
INN00768,2,0,1,2,Meal Plan 1,0,Room_Type 4,124,2018,5,6,Online,0,0,0,114.3,0,Not_Canceled
INN00769,2,0,2,2,Meal Plan 1,0,Room_Type 4,44,2018,12,3,Offline,0,0,0,87.2,0,Not_Canceled
INN00770,2,0,0,2,Meal Plan 2,0,Room_Type 1,257,2017,7,1,Online,0,0,0,101.5,0,Canceled
INN00771,1,0,0,2,Meal Plan 1,0,Room_Type 1,164,2017,10,2,Offline,0,0,0,100,0,Not_Canceled
INN00772,2,0,0,4,Not Selected,0,Room_Type 1,153,2018,7,27,Online,0,0,0,91.38,1,Not_Canceled
INN00773,2,1,3,9,Meal Plan 1,0,Room_Type 1,155,2018,8,1,Online,0,0,0,119.71,1,Canceled
INN00774,2,0,0,1,Not Selected,0,Room_Type 1,0,2018,6,2,Online,0,0,0,119,0,Not_Canceled
INN00775,2,0,0,1,Not Selected,0,Room_Type 1,29,2018,7,28,Online,0,0,0,139,1,Not_Canceled
INN00776,2,0,1,3,Meal Plan 1,0,Room_Type 1,59,2018,8,29,Online,0,0,0,109.8,1,Not_Canceled
INN00777,1,0,0,3,Meal Plan 1,0,Room_Type 1,91,2018,9,14,Corporate,1,3,15,65,0,Not_Canceled
INN00778,2,0,0,1,Meal Plan 1,0,Room_Type 4,76,2018,7,2,Online,0,0,0,131.4,0,Canceled
INN00779,2,0,0,3,Meal Plan 1,0,Room_Type 1,93,2018,4,12,Online,0,0,0,96.3,3,Not_Canceled
INN00780,1,0,1,2,Meal Plan 1,0,Room_Type 1,4,2018,2,15,Complementary,1,0,1,0,1,Not_Canceled
INN00781,2,0,0,2,Meal Plan 1,0,Room_Type 4,25,2018,4,20,Online,0,0,0,137,1,Not_Canceled
INN00782,2,0,0,2,Meal Plan 1,0,Room_Type 1,245,2018,6,17,Online,0,0,0,75,0,Canceled
INN00783,3,0,0,3,Meal Plan 1,0,Room_Type 1,74,2018,12,27,Offline,0,0,0,92.65,0,Not_Canceled
INN00784,2,0,1,1,Meal Plan 1,0,Room_Type 1,275,2018,6,4,Online,0,0,0,62.8,0,Canceled
INN00785,2,0,0,1,Meal Plan 1,0,Room_Type 1,14,2018,10,22,Online,0,0,0,160,0,Canceled
INN00786,1,0,0,2,Meal Plan 2,0,Room_Type 1,265,2018,6,24,Offline,0,0,0,90,0,Not_Canceled
INN00787,2,0,3,5,Meal Plan 1,1,Room_Type 1,122,2018,8,21,Offline,0,0,0,81.26,2,Not_Canceled
INN00788,1,0,0,4,Meal Plan 1,0,Room_Type 1,158,2018,5,25,Online,0,0,0,114.75,1,Canceled
INN00789,2,0,1,2,Meal Plan 1,0,Room_Type 1,119,2018,4,29,Online,0,0,0,99.3,0,Not_Canceled
INN00790,1,0,1,0,Meal Plan 1,0,Room_Type 1,6,2018,10,3,Corporate,0,0,0,89,0,Not_Canceled
INN00791,2,0,0,2,Meal Plan 1,0,Room_Type 1,122,2018,4,15,Online,0,0,0,85,0,Canceled
INN00792,2,0,2,2,Meal Plan 1,0,Room_Type 1,60,2018,3,20,Online,0,0,0,75,0,Canceled
INN00793,2,0,0,2,Meal Plan 1,0,Room_Type 1,1,2017,9,30,Offline,1,1,0,102.6,0,Not_Canceled
INN00794,2,0,2,2,Meal Plan 1,0,Room_Type 4,121,2018,6,4,Offline,0,0,0,90.95,0,Not_Canceled
INN00795,2,0,1,1,Meal Plan 2,0,Room_Type 1,301,2018,7,30,Online,0,0,0,115,1,Canceled
INN00796,2,0,2,1,Meal Plan 1,0,Room_Type 1,349,2018,12,24,Online,0,0,0,78.3,0,Canceled
INN00797,1,0,0,1,Meal Plan 1,0,Room_Type 1,59,2018,5,19,Online,0,0,0,121.5,0,Canceled
INN00798,1,0,0,3,Meal Plan 1,0,Room_Type 1,71,2018,6,14,Offline,0,0,0,120,0,Not_Canceled
INN00799,2,0,0,4,Meal Plan 1,0,Room_Type 1,200,2018,8,31,Online,0,0,0,105.4,1,Canceled
INN00800,2,0,1,2,Meal Plan 1,0,Room_Type 4,71,2018,10,21,Online,0,0,0,101.87,1,Not_Canceled
INN00801,1,0,0,1,Meal Plan 1,0,Room_Type 1,105,2018,9,28,Corporate,1,3,17,65,0,Not_Canceled
INN00802,2,0,0,2,Meal Plan 1,1,Room_Type 1,6,2017,11,6,Online,0,0,0,116,0,Not_Canceled
INN00803,1,0,0,1,Not Selected,0,Room_Type 1,76,2018,4,21,Online,0,0,0,69.3,1,Not_Canceled
INN00804,1,0,0,2,Meal Plan 1,0,Room_Type 1,29,2017,9,30,Online,0,0,0,90.25,2,Not_Canceled
INN00805,2,0,2,3,Meal Plan 1,0,Room_Type 1,179,2018,9,2,Online,0,0,0,119.85,0,Canceled
INN00806,2,0,1,0,Meal Plan 1,0,Room_Type 1,81,2017,12,6,Online,0,0,0,76.5,2,Not_Canceled
INN00807,2,0,0,3,Not Selected,0,Room_Type 1,35,2018,10,27,Online,0,0,0,109,2,Not_Canceled
INN00808,2,0,1,1,Meal Plan 1,0,Room_Type 1,60,2018,5,21,Online,0,0,0,126.9,1,Not_Canceled
INN00809,1,0,0,1,Meal Plan 1,0,Room_Type 1,34,2018,7,19,Corporate,0,0,0,65,0,Not_Canceled
INN00810,1,0,1,1,Meal Plan 1,0,Room_Type 1,0,2018,1,2,Online,0,0,0,86,0,Not_Canceled
INN00811,2,0,1,3,Not Selected,0,Room_Type 1,5,2018,7,14,Online,0,0,0,139,1,Not_Canceled
INN00812,2,0,2,0,Meal Plan 1,0,Room_Type 2,48,2018,9,4,Online,0,0,0,109.8,1,Not_Canceled
INN00813,2,0,2,3,Meal Plan 1,0,Room_Type 4,54,2018,5,12,Online,0,0,0,132.6,0,Canceled
INN00814,1,0,1,2,Meal Plan 1,0,Room_Type 1,57,2018,6,10,Offline,0,0,0,75.33,0,Not_Canceled
INN00815,1,0,0,2,Meal Plan 1,0,Room_Type 1,5,2017,9,9,Corporate,0,0,0,65,0,Not_Canceled
INN00816,2,0,2,1,Meal Plan 1,0,Room_Type 1,130,2018,11,26,Offline,0,0,0,68,0,Not_Canceled
INN00817,2,1,4,6,Meal Plan 1,0,Room_Type 1,57,2017,12,26,Online,0,0,0,113.85,0,Not_Canceled
INN00818,2,0,0,3,Meal Plan 1,0,Room_Type 1,89,2018,4,12,Online,0,0,0,96.3,0,Not_Canceled
INN00819,2,0,0,3,Not Selected,0,Room_Type 1,221,2018,12,29,Online,0,0,0,79.5,2,Canceled
INN00820,1,0,0,2,Meal Plan 1,0,Room_Type 1,1,2017,11,10,Corporate,1,0,1,40,1,Not_Canceled
INN00821,1,0,2,1,Meal Plan 1,0,Room_Type 1,116,2018,2,28,Offline,0,0,0,76,0,Not_Canceled
INN00822,2,0,1,1,Meal Plan 1,0,Room_Type 4,139,2018,9,5,Offline,0,0,0,90.95,0,Not_Canceled
INN00823,2,0,0,1,Meal Plan 2,0,Room_Type 1,55,2018,4,6,Offline,0,0,0,104,0,Not_Canceled
INN00824,2,0,1,1,Meal Plan 2,0,Room_Type 1,247,2018,6,6,Online,0,0,0,109,0,Canceled
INN00825,2,0,0,2,Meal Plan 2,0,Room_Type 1,74,2017,9,18,Offline,0,0,0,109,0,Not_Canceled
INN00826,1,0,0,1,Meal Plan 1,0,Room_Type 1,2,2017,12,11,Offline,0,0,0,75,0,Not_Canceled
INN00827,3,0,1,1,Meal Plan 1,0,Room_Type 4,47,2018,7,2,Online,0,0,0,150.3,2,Not_Canceled
INN00828,2,0,0,1,Meal Plan 1,0,Room_Type 1,56,2018,6,8,Offline,0,0,0,120,0,Not_Canceled
INN00829,2,0,2,1,Meal Plan 2,0,Room_Type 1,96,2017,7,11,Offline,0,0,0,94.5,0,Not_Canceled
INN00830,2,0,2,1,Not Selected,1,Room_Type 1,156,2018,8,21,Online,0,0,0,103.5,0,Canceled
INN00831,1,0,0,3,Meal Plan 1,0,Room_Type 1,166,2018,11,1,Online,0,0,0,110,0,Canceled
INN00832,2,0,2,3,Meal Plan 1,0,Room_Type 1,268,2018,4,8,Online,0,0,0,78,0,Canceled
INN00833,2,0,2,3,Meal Plan 1,0,Room_Type 1,32,2018,3,11,Offline,0,0,0,85,0,Not_Canceled
INN00834,1,0,0,1,Meal Plan 1,0,Room_Type 1,0,2017,10,1,Complementary,1,0,1,0,0,Not_Canceled
INN00835,2,0,0,2,Meal Plan 1,0,Room_Type 1,107,2018,6,10,Offline,0,0,0,130,1,Not_Canceled
INN00836,1,0,0,3,Meal Plan 1,0,Room_Type 6,159,2018,5,26,Online,0,0,0,187.85,0,Canceled
INN00837,3,0,0,3,Meal Plan 1,0,Room_Type 4,46,2018,8,24,Online,0,0,0,168.3,2,Not_Canceled
INN00838,2,0,0,4,Not Selected,0,Room_Type 1,17,2018,11,16,Online,0,0,0,74.8,2,Not_Canceled
INN00839,2,0,2,3,Meal Plan 1,0,Room_Type 4,57,2018,4,21,Online,0,0,0,112.2,0,Canceled
INN00840,2,0,1,0,Meal Plan 1,1,Room_Type 4,1,2018,1,4,Online,0,0,0,106,1,Not_Canceled
INN00841,2,0,2,3,Meal Plan 1,0,Room_Type 4,159,2018,9,30,Online,0,0,0,134.46,2,Canceled
INN00842,1,0,1,0,Meal Plan 1,0,Room_Type 1,24,2018,9,12,Online,0,0,0,108,1,Not_Canceled
INN00843,2,0,0,5,Meal Plan 1,0,Room_Type 1,17,2017,11,3,Online,0,0,0,90.95,1,Not_Canceled
INN00844,1,0,2,1,Not Selected,0,Room_Type 1,9,2018,2,21,Online,0,0,0,79,0,Canceled
INN00845,3,0,0,2,Meal Plan 1,0,Room_Type 4,111,2018,9,16,Online,0,0,0,168.3,3,Not_Canceled
INN00846,2,0,0,2,Meal Plan 2,0,Room_Type 1,74,2017,9,18,Offline,0,0,0,101.5,0,Not_Canceled
INN00847,2,0,0,2,Meal Plan 2,0,Room_Type 1,56,2017,9,17,Offline,0,0,0,82,0,Not_Canceled
INN00848,2,0,0,2,Meal Plan 1,0,Room_Type 1,5,2018,5,24,Corporate,0,0,0,110,1,Not_Canceled
INN00849,2,1,0,1,Meal Plan 1,0,Room_Type 1,3,2017,8,20,Online,1,0,1,106,3,Not_Canceled
INN00850,2,0,1,2,Meal Plan 2,0,Room_Type 1,194,2018,8,22,Online,0,0,0,102.25,1,Canceled
INN00851,1,0,0,1,Meal Plan 1,0,Room_Type 1,3,2018,6,23,Offline,0,0,0,95,0,Not_Canceled
INN00852,1,0,0,1,Meal Plan 1,0,Room_Type 1,19,2017,10,7,Corporate,0,0,0,85.5,0,Not_Canceled
INN00853,2,1,1,2,Meal Plan 1,0,Room_Type 1,33,2018,2,26,Online,0,0,0,102.37,1,Not_Canceled
INN00854,2,0,0,1,Not Selected,0,Room_Type 1,0,2018,6,17,Online,0,0,0,129,1,Not_Canceled
INN00855,2,0,0,1,Meal Plan 1,0,Room_Type 1,0,2017,8,19,Online,0,0,0,106,2,Not_Canceled
INN00856,2,0,0,2,Meal Plan 1,0,Room_Type 4,69,2018,11,4,Online,0,0,0,102.6,0,Not_Canceled
INN00857,1,0,0,2,Meal Plan 1,0,Room_Type 1,7,2017,10,28,Online,0,0,0,92.4,1,Not_Canceled
INN00858,2,0,1,2,Not Selected,0,Room_Type 1,40,2018,3,7,Online,0,0,0,82.1,1,Not_Canceled
INN00859,2,0,1,0,Meal Plan 1,0,Room_Type 1,184,2018,7,10,Online,0,0,0,105.3,1,Canceled
INN00860,2,1,1,4,Meal Plan 1,0,Room_Type 1,73,2018,10,12,Online,0,0,0,135,1,Canceled
INN00861,2,0,0,3,Meal Plan 1,0,Room_Type 1,213,2018,6,7,Online,0,0,0,130,0,Canceled
INN00862,2,0,1,1,Not Selected,0,Room_Type 1,79,2018,4,2,Online,0,0,0,76.5,0,Canceled
INN00863,2,0,2,1,Not Selected,0,Room_Type 1,6,2018,5,8,Online,0,0,0,108,2,Not_Canceled
INN00864,2,0,0,2,Meal Plan 1,0,Room_Type 1,29,2018,12,2,Corporate,0,0,0,85,0,Not_Canceled
INN00865,2,0,1,1,Meal Plan 1,0,Room_Type 4,11,2018,10,10,Offline,0,0,0,107,0,Not_Canceled
INN00866,2,0,0,2,Meal Plan 1,0,Room_Type 1,29,2018,12,2,Corporate,0,0,0,85,2,Not_Canceled
INN00867,2,0,2,3,Meal Plan 1,0,Room_Type 1,52,2018,2,4,Online,0,0,0,73.95,0,Canceled
INN00868,2,0,0,2,Meal Plan 1,0,Room_Type 1,30,2018,3,4,Online,0,0,0,88.4,0,Not_Canceled
INN00869,1,0,0,1,Meal Plan 1,1,Room_Type 1,1,2018,4,13,Corporate,1,0,2,67,1,Not_Canceled
INN00870,1,0,0,3,Meal Plan 1,0,Room_Type 4,16,2018,3,8,Corporate,0,0,0,76,0,Not_Canceled
INN00871,1,0,2,2,Meal Plan 1,0,Room_Type 1,48,2018,5,22,Offline,0,0,0,81,0,Not_Canceled
INN00872,2,0,1,2,Meal Plan 2,0,Room_Type 1,315,2018,9,30,Online,0,0,0,160,0,Canceled
INN00873,1,0,2,0,Meal Plan 1,0,Room_Type 1,3,2018,10,30,Online,0,0,0,150,2,Not_Canceled
INN00874,1,0,0,1,Meal Plan 1,0,Room_Type 1,0,2018,10,13,Offline,0,0,0,90,0,Not_Canceled
INN00875,2,0,0,2,Meal Plan 2,0,Room_Type 1,69,2017,9,22,Offline,0,0,0,106,0,Not_Canceled
INN00876,2,0,2,2,Not Selected,0,Room_Type 1,99,2018,5,1,Online,0,0,0,89.25,0,Canceled
INN00877,2,1,2,1,Not Selected,0,Room_Type 1,73,2018,4,3,Online,0,0,0,94,1,Not_Canceled
INN00878,1,0,0,2,Meal Plan 1,0,Room_Type 1,181,2018,10,11,Online,0,0,0,120,0,Canceled
INN00879,2,0,0,1,Not Selected,0,Room_Type 1,30,2018,9,15,Online,0,0,0,125.1,2,Not_Canceled
INN00880,2,0,2,2,Meal Plan 1,0,Room_Type 4,56,2017,11,6,Offline,0,0,0,60,0,Not_Canceled
INN00881,2,0,2,0,Meal Plan 1,0,Room_Type 1,83,2018,12,18,Offline,0,0,0,75,0,Not_Canceled
INN00882,2,0,0,1,Meal Plan 1,0,Room_Type 1,0,2018,5,24,Corporate,0,0,0,125.1,0,Not_Canceled
INN00883,2,0,2,3,Meal Plan 1,0,Room_Type 4,92,2018,12,22,Online,0,0,0,96.9,1,Not_Canceled
INN00884,2,0,1,2,Meal Plan 1,0,Room_Type 4,11,2018,2,12,Offline,1,1,0,93.8,0,Not_Canceled
INN00885,2,0,0,2,Meal Plan 1,0,Room_Type 1,67,2018,9,6,Online,0,0,0,98.1,1,Canceled
INN00886,2,0,2,2,Meal Plan 1,0,Room_Type 1,25,2018,2,7,Online,0,0,0,64.64,0,Not_Canceled
INN00887,2,0,1,1,Meal Plan 1,0,Room_Type 1,32,2018,7,18,Offline,0,0,0,105,1,Not_Canceled
INN00888,2,0,1,0,Meal Plan 1,0,Room_Type 1,286,2018,10,16,Online,0,0,0,90,0,Canceled
INN00889,2,0,2,2,Meal Plan 1,0,Room_Type 1,80,2018,3,25,Offline,0,0,0,74.8,1,Not_Canceled
INN00890,2,0,0,5,Meal Plan 1,0,Room_Type 1,186,2018,7,12,Online,0,0,0,90.95,2,Canceled
INN00891,1,0,1,0,Meal Plan 1,0,Room_Type 1,263,2017,9,21,Offline,0,0,0,59.5,0,Not_Canceled
INN00892,2,0,2,1,Meal Plan 2,0,Room_Type 1,103,2017,7,18,Online,0,0,0,94.5,0,Canceled
INN00893,2,0,0,3,Meal Plan 1,0,Room_Type 4,114,2018,6,2,Online,0,0,0,140.4,0,Canceled
INN00894,1,0,2,4,Meal Plan 1,0,Room_Type 1,245,2018,7,6,Online,0,0,0,110,0,Canceled
INN00895,1,0,1,0,Meal Plan 1,0,Room_Type 1,24,2018,10,3,Corporate,1,0,2,95,0,Not_Canceled
INN00896,2,0,0,2,Meal Plan 2,0,Room_Type 1,39,2017,8,14,Offline,0,0,0,109,1,Not_Canceled
INN00897,2,0,2,1,Not Selected,1,Room_Type 1,29,2017,12,6,Offline,0,0,0,66,1,Not_Canceled
INN00898,1,0,0,1,Meal Plan 1,0,Room_Type 1,2,2018,10,6,Complementary,1,2,7,0,3,Not_Canceled
INN00899,1,0,2,7,Meal Plan 1,0,Room_Type 1,14,2018,3,4,Online,0,0,0,88.33,0,Canceled
INN00900,2,0,0,3,Meal Plan 1,0,Room_Type 1,37,2018,10,13,Offline,0,0,0,105,0,Not_Canceled
INN00901,2,0,1,2,Meal Plan 1,0,Room_Type 1,273,2018,5,13,Online,0,0,0,95,0,Canceled
INN00902,2,1,0,3,Meal Plan 1,0,Room_Type 1,124,2018,5,31,Online,0,0,0,143.1,1,Canceled
INN00903,2,0,0,2,Meal Plan 2,0,Room_Type 1,104,2017,10,6,Online,0,0,0,114,1,Canceled
INN00904,2,0,2,5,Meal Plan 1,0,Room_Type 1,51,2017,9,16,Offline,0,0,0,75.6,1,Not_Canceled
INN00905,2,0,0,3,Meal Plan 1,0,Room_Type 1,65,2018,9,27,Online,0,0,0,135.9,3,Not_Canceled
INN00906,2,0,2,1,Meal Plan 1,0,Room_Type 1,179,2018,10,1,Online,0,0,0,108.9,2,Canceled
INN00907,2,0,1,2,Meal Plan 1,0,Room_Type 1,4,2018,1,8,Offline,0,0,0,70,0,Not_Canceled
INN00908,2,0,1,1,Meal Plan 1,0,Room_Type 1,80,2018,11,12,Online,0,0,0,93.6,0,Canceled
INN00909,2,0,0,1,Not Selected,0,Room_Type 1,56,2018,7,27,Online,0,0,0,125.1,1,Not_Canceled
INN00910,1,0,0,1,Meal Plan 2,0,Room_Type 1,221,2018,8,12,Offline,0,0,0,73,0,Not_Canceled
INN00911,2,0,1,0,Meal Plan 1,0,Room_Type 1,263,2017,9,21,Offline,0,0,0,67,0,Not_Canceled
INN00912,2,0,0,3,Meal Plan 1,0,Room_Type 1,160,2017,12,30,Offline,0,0,0,70,0,Not_Canceled
INN00913,2,0,2,0,Meal Plan 1,0,Room_Type 4,174,2018,6,5,Online,0,0,0,115.2,0,Canceled
INN00914,1,0,0,1,Meal Plan 1,0,Room_Type 1,19,2018,11,2,Offline,0,0,0,75,0,Not_Canceled
INN00915,2,0,0,2,Meal Plan 2,0,Room_Type 1,63,2017,9,4,Offline,0,0,0,116,0,Not_Canceled
INN00916,1,0,1,0,Meal Plan 1,0,Room_Type 1,0,2018,1,3,Online,0,0,0,81,0,Not_Canceled
INN00917,1,0,2,0,Meal Plan 1,0,Room_Type 1,5,2017,9,20,Online,0,0,0,92.4,1,Not_Canceled
INN00918,1,0,0,1,Meal Plan 1,0,Room_Type 1,0,2018,6,23,Online,0,0,0,69.84,0,Not_Canceled
INN00919,1,0,0,2,Meal Plan 1,0,Room_Type 1,86,2017,9,24,Offline,0,0,0,87.5,0,Not_Canceled
INN00920,2,0,1,2,Meal Plan 1,0,Room_Type 1,38,2018,1,15,Online,0,0,0,55.59,0,Not_Canceled
INN00921,2,0,2,5,Meal Plan 1,0,Room_Type 1,38,2017,9,14,Online,0,0,0,101.83,1,Not_Canceled
INN00922,2,0,0,3,Meal Plan 1,0,Room_Type 1,176,2018,9,8,Online,0,0,0,125.1,0,Canceled
INN00923,1,0,1,1,Meal Plan 1,0,Room_Type 1,13,2018,7,11,Corporate,0,0,0,79,0,Not_Canceled
INN00924,3,0,0,3,Meal Plan 1,0,Room_Type 4,156,2018,12,27,Online,0,0,0,122.4,0,Not_Canceled
INN00925,2,0,1,3,Meal Plan 1,0,Room_Type 4,182,2018,8,15,Online,0,0,0,112.2,1,Canceled
INN00926,2,0,1,3,Meal Plan 1,0,Room_Type 4,11,2018,9,15,Online,0,0,0,113.34,1,Not_Canceled
INN00927,2,0,1,0,Not Selected,0,Room_Type 1,28,2018,10,3,Online,0,0,0,126,0,Canceled
INN00928,2,0,2,1,Meal Plan 2,0,Room_Type 1,87,2018,10,23,Offline,0,0,0,112.25,1,Not_Canceled
INN00929,3,0,1,2,Meal Plan 1,0,Room_Type 4,99,2018,5,13,Online,0,0,0,159.3,0,Canceled
INN00930,2,0,2,1,Meal Plan 1,0,Room_Type 1,13,2017,10,18,Offline,0,0,0,85,0,Not_Canceled
INN00931,2,0,0,3,Meal Plan 1,0,Room_Type 4,18,2018,5,10,Online,0,0,0,146,1,Not_Canceled
INN00932,1,0,0,3,Meal Plan 1,0,Room_Type 1,6,2018,11,1,Offline,0,0,0,75,0,Not_Canceled
INN00933,1,0,2,2,Meal Plan 1,0,Room_Type 1,162,2018,10,14,Online,0,0,0,115,0,Canceled
INN00934,2,1,2,3,Meal Plan 1,0,Room_Type 1,4,2018,6,16,Online,0,0,0,168.5,2,Not_Canceled
INN00935,1,0,0,2,Meal Plan 1,0,Room_Type 1,15,2017,8,27,Online,0,0,0,80,1,Canceled
INN00936,2,0,0,3,Meal Plan 1,0,Room_Type 1,23,2018,9,15,Online,0,0,0,159,2,Not_Canceled
INN00937,2,0,0,3,Meal Plan 1,0,Room_Type 4,7,2018,5,4,Online,0,0,0,156,1,Not_Canceled
INN00938,0,2,0,3,Meal Plan 1,0,Room_Type 2,40,2018,1,14,Online,0,0,0,6.67,1,Not_Canceled
INN00939,1,0,0,2,Meal Plan 2,0,Room_Type 1,102,2017,10,16,Online,0,0,0,80,0,Canceled
INN00940,2,0,0,2,Meal Plan 1,0,Room_Type 1,141,2018,9,23,Online,0,0,0,128.8,1,Not_Canceled
INN00941,1,0,2,1,Meal Plan 1,0,Room_Type 1,40,2017,10,25,Online,0,0,0,71.64,0,Not_Canceled
INN00942,2,0,0,3,Meal Plan 1,0,Room_Type 1,42,2018,2,3,Online,0,0,0,80.3,1,Not_Canceled
INN00943,2,0,0,3,Meal Plan 1,0,Room_Type 1,12,2017,8,5,Corporate,0,0,0,65,0,Not_Canceled
INN00944,2,0,2,3,Meal Plan 1,0,Room_Type 1,54,2017,10,3,Online,0,0,0,74.15,2,Not_Canceled
INN00945,2,0,1,1,Meal Plan 1,0,Room_Type 1,24,2017,9,19,Online,0,0,0,124,2,Not_Canceled
INN00946,1,0,0,2,Meal Plan 1,0,Room_Type 4,0,2018,3,8,Corporate,0,0,0,75,0,Canceled
INN00947,3,0,0,1,Meal Plan 1,0,Room_Type 4,0,2018,8,20,Online,0,0,0,168.3,2,Not_Canceled
INN00948,2,0,0,2,Meal Plan 1,0,Room_Type 1,59,2017,10,29,Offline,0,0,0,85,0,Not_Canceled
INN00949,2,0,0,4,Meal Plan 1,0,Room_Type 2,33,2017,8,5,Online,0,0,0,67.5,1,Canceled
INN00950,2,0,0,3,Meal Plan 2,0,Room_Type 1,11,2018,5,24,Offline,0,0,0,160,0,Not_Canceled
INN00951,2,0,1,1,Not Selected,0,Room_Type 1,63,2018,3,28,Online,0,0,0,80.1,0,Canceled
INN00952,2,0,0,2,Meal Plan 1,0,Room_Type 1,56,2018,11,16,Offline,0,0,0,75,0,Not_Canceled
INN00953,2,0,2,2,Meal Plan 1,0,Room_Type 1,36,2018,5,21,Online,0,0,0,126.9,2,Not_Canceled
INN00954,1,0,2,1,Meal Plan 1,0,Room_Type 1,93,2018,10,15,Online,0,0,0,115,0,Canceled
INN00955,0,2,1,1,Meal Plan 1,0,Room_Type 2,92,2018,10,29,Online,0,0,0,81.5,2,Not_Canceled
INN00956,2,0,0,1,Meal Plan 1,0,Room_Type 4,23,2018,8,3,Online,0,0,0,166,1,Not_Canceled
INN00957,1,0,2,3,Meal Plan 1,0,Room_Type 1,27,2018,11,6,Online,0,0,0,143.3,1,Not_Canceled
INN00958,2,2,2,1,Meal Plan 2,0,Room_Type 6,57,2018,4,24,Online,0,0,0,228.6,0,Canceled
INN00959,2,0,2,1,Meal Plan 1,0,Room_Type 4,8,2018,6,26,Offline,0,0,0,107,0,Not_Canceled
INN00960,2,0,0,1,Meal Plan 1,0,Room_Type 1,5,2018,8,20,Online,0,0,0,130,1,Not_Canceled
INN00961,2,0,0,2,Meal Plan 1,0,Room_Type 1,13,2018,1,20,Online,0,0,0,96,1,Not_Canceled
INN00962,2,0,2,1,Not Selected,0,Room_Type 1,55,2018,9,10,Online,0,0,0,91.51,1,Not_Canceled
INN00963,2,0,1,0,Meal Plan 1,0,Room_Type 1,12,2017,8,30,Online,0,0,0,90,2,Not_Canceled
INN00964,2,0,1,2,Meal Plan 2,0,Room_Type 1,418,2018,9,26,Online,0,0,0,107,0,Canceled
INN00965,2,0,0,4,Meal Plan 1,0,Room_Type 1,270,2018,4,20,Offline,0,0,0,80,1,Not_Canceled
INN00966,1,0,2,4,Meal Plan 1,0,Room_Type 1,245,2018,7,6,Online,0,0,0,110,0,Canceled
INN00967,2,0,0,3,Not Selected,1,Room_Type 1,69,2018,6,21,Online,0,0,0,114.9,1,Not_Canceled
INN00968,2,0,0,3,Meal Plan 2,0,Room_Type 1,150,2018,6,16,Offline,0,0,0,90,1,Not_Canceled
INN00969,2,0,0,1,Meal Plan 1,0,Room_Type 1,105,2018,4,6,Online,0,0,0,75,0,Canceled
INN00970,1,0,0,2,Meal Plan 1,0,Room_Type 1,192,2018,6,24,Offline,0,0,0,95,0,Not_Canceled
INN00971,2,0,1,3,Meal Plan 1,0,Room_Type 1,16,2017,9,21,Online,0,0,0,124,2,Not_Canceled
INN00972,2,0,0,4,Not Selected,0,Room_Type 1,133,2018,9,27,Online,0,0,0,118.8,3,Not_Canceled
INN00973,2,0,0,3,Meal Plan 1,0,Room_Type 1,2,2018,3,2,Online,0,0,0,101,1,Not_Canceled
INN00974,2,0,0,2,Meal Plan 1,0,Room_Type 4,8,2018,6,22,Online,0,0,0,131,1,Not_Canceled
INN00975,2,0,0,2,Meal Plan 1,0,Room_Type 1,141,2018,11,25,Online,0,0,0,90,0,Not_Canceled
INN00976,2,0,2,2,Meal Plan 1,0,Room_Type 1,134,2017,12,4,Offline,0,0,0,65,0,Not_Canceled
INN00977,3,0,0,4,Meal Plan 1,1,Room_Type 4,62,2018,7,26,Online,0,0,0,146.7,2,Not_Canceled
INN00978,1,0,0,2,Meal Plan 1,0,Room_Type 1,164,2017,10,2,Offline,0,0,0,100,0,Not_Canceled
INN00979,2,0,0,2,Meal Plan 1,0,Room_Type 1,96,2018,6,29,Online,0,0,0,118.8,1,Not_Canceled
INN00980,2,0,1,2,Not Selected,0,Room_Type 1,37,2018,2,22,Online,0,0,0,69.9,0,Canceled
INN00981,2,0,2,1,Meal Plan 1,0,Room_Type 1,38,2018,9,18,Offline,0,0,0,85.5,0,Not_Canceled
INN00982,3,0,0,2,Meal Plan 1,0,Room_Type 4,2,2018,3,23,Online,0,0,0,169,3,Not_Canceled
INN00983,2,0,1,2,Meal Plan 1,1,Room_Type 1,43,2018,7,1,Online,0,0,0,126.9,1,Not_Canceled
INN00984,2,0,2,5,Meal Plan 1,0,Room_Type 1,38,2018,8,4,Offline,0,0,0,85,0,Not_Canceled
INN00985,2,0,1,1,Meal Plan 1,0,Room_Type 1,9,2017,9,7,Online,0,0,0,114.5,2,Not_Canceled
INN00986,1,0,2,2,Not Selected,0,Room_Type 1,32,2017,9,18,Online,0,0,0,141.53,2,Not_Canceled
INN00987,2,0,0,4,Meal Plan 1,0,Room_Type 1,88,2018,3,23,Online,0,0,0,88.7,0,Not_Canceled
INN00988,2,0,1,3,Meal Plan 1,0,Room_Type 1,115,2017,9,10,Online,0,0,0,89.25,0,Not_Canceled
INN00989,2,0,1,0,Meal Plan 1,0,Room_Type 4,0,2017,8,3,Complementary,0,0,0,0,0,Not_Canceled
INN00990,2,0,1,2,Not Selected,0,Room_Type 1,99,2018,11,7,Online,0,0,0,161.1,2,Not_Canceled
INN00991,2,0,0,2,Not Selected,0,Room_Type 1,22,2018,2,19,Online,0,0,0,81,1,Not_Canceled
INN00992,3,0,2,2,Meal Plan 1,0,Room_Type 4,8,2018,4,16,Online,0,0,0,144.5,1,Not_Canceled
INN00993,1,0,2,3,Not Selected,0,Room_Type 1,81,2018,7,3,Online,0,0,0,103.5,0,Not_Canceled
INN00994,2,1,1,2,Meal Plan 1,0,Room_Type 1,81,2018,10,21,Online,0,0,0,135,0,Canceled
INN00995,2,0,1,1,Meal Plan 1,0,Room_Type 1,58,2018,10,31,Online,0,0,0,102.15,1,Not_Canceled
INN00996,2,0,1,2,Meal Plan 1,0,Room_Type 1,273,2018,5,13,Online,0,0,0,95,0,Canceled
INN00997,1,0,0,1,Meal Plan 1,0,Room_Type 1,4,2017,10,13,Complementary,0,0,0,0,0,Not_Canceled
INN00998,1,0,0,1,Meal Plan 1,0,Room_Type 1,79,2018,12,22,Online,0,0,0,86.4,1,Not_Canceled